id,headline,source_type,topic,sentiment_score,evidence_count,contradiction_score,editorial_flag,leak_indicator,propaganda_pattern_score,source_reliability,truth_probability
1,A beloved celebrity faces serious allegations that have sent shockwaves through the entertainment world. The story is dominating headlines across all major outlets.,state_media,health,0.2,4,0.23,True,False,0.42,0.67,0.88
2,The celebrity's public statement contains a 4-hour gap that doesn't match their claimed schedule. Studio logs show conflicting information.,state_media,health,-0.19,6,0.23,False,False,0.07,1.0,1.0
3,The celebrity's studio has released a carefully worded statement denying all allegations. Multiple outlets received identical wording simultaneously.,state_media,celebrity,-0.36,2,0.51,True,False,0.18,0.67,0.81
4,Scheduled coverage of downtown protests was pulled without explanation. The slot was filled with celebrity scandal updates instead.,independent,protest,-0.24,4,0.09,False,False,0.54,0.61,0.85
5,"A critical report on worsening supply shortages in three regions was moved to page 8, while celebrity news fills the front page.",foreign_press,economy,-0.53,5,0.36,False,True,0.27,0.8,1.0
6,Key evidence mentioned in initial reports is now missing. Witness statements and security logs referenced earlier cannot be located.,foreign_press,military,-0.18,7,0.54,True,False,0.13,0.95,1.0
7,An exclusive interview with the celebrity was scheduled with only 2 hours notice. The interview was pre-recorded but presented as live.,anonymous_tip,celebrity,0.41,6,0.17,True,False,0.21,1.0,1.0
8,A fully fact-checked article about the celebrity scandal was modified overnight. Key contradictions and timeline issues were removed.,anonymous_tip,celebrity,0.33,7,0.18,False,False,0.2,1.0,1.0
9,"Analytics show the celebrity story has suspicious engagement patterns. Views spike at exact intervals, suggesting manipulation.",foreign_press,protest,-1.0,6,0.31,False,False,0.2,0.94,1.0
10,The studio's latest statement contradicts what they told us yesterday. They now deny having GPS records they previously confirmed existed.,state_media,health,-0.32,3,0.37,True,False,0.2,0.76,0.91
11,Three witness statements about the celebrity's whereabouts contain conflicting times. None align with the studio's official timeline.,state_media,politics,-0.28,4,0.36,False,False,0.29,0.73,0.92
12,The studio has provided documentation proving the celebrity was at a charity event during the alleged incident. Multiple sources confirm attendance.,foreign_press,military,-0.14,3,0.21,False,False,0.31,0.74,0.9
13,Protest organizers claim major outlets are ignoring their event. They've documented multiple requests for coverage that went unanswered.,independent,protest,-0.77,4,0.12,True,False,0.21,0.93,1.0
14,Supply shortages have reached critical levels in five regions. Local officials are requesting emergency assistance but receiving no response.,foreign_press,health,0.46,6,0.5,False,False,0.19,0.87,1.0
15,Several newsrooms received identical talking points about the celebrity scandal from different PR firms. The wording matches exactly.,anonymous_tip,military,-0.4,3,0.33,False,False,0.07,0.92,1.0
16,The security footage provided by the studio shows timestamps that don't match the building's clock system. The discrepancy is exactly 3 hours.,anonymous_tip,politics,-0.37,8,0.17,False,False,0.54,0.77,1.0
17,The celebrity has a long history of charity work and community service. Multiple organizations have vouched for their character.,independent,military,-0.64,5,0.24,False,False,0.31,0.82,1.0
18,Notes from yesterday's editorial meeting show management pushing for 'positive celebrity coverage' and 'reduced focus on negative stories'.,anonymous_tip,protest,-0.27,5,0.39,False,False,0.48,0.57,0.84
19,Analytics show traffic to supply shortage and protest coverage dropped 80% after celebrity scandal coverage began. The timing is suspicious.,state_media,celebrity,-0.39,6,0.54,False,False,0.23,0.8,1.0
20,The studio's official timeline has the celebrity in three different locations at the same time. Mathematical impossibility suggests fabrication.,state_media,protest,-0.36,3,0.22,False,False,0.16,0.87,1.0
21,The celebrity has released a heartfelt public statement denying all allegations and asking for privacy during this difficult time.,state_media,protest,0.25,3,0.1,False,False,0.18,0.92,1.0
22,Another request to cover the ongoing protests was denied. Management cited 'lack of newsworthy developments' despite 500+ attendees.,foreign_press,health,0.19,4,0.27,True,False,0.44,0.62,0.85
23,Emergency supplies in affected regions are running critically low. Local authorities are warning of potential crisis if help doesn't arrive soon.,foreign_press,health,-0.35,5,0.4,False,False,0.32,0.73,0.95
24,Material labeled 'exclusive embargo' was already published by another outlet hours before we received it. The studio claims this was a mistake.,foreign_press,health,0.21,6,0.11,False,False,0.34,0.9,1.0
25,A key witness has recanted their statement about the celebrity's whereabouts. They cited 'personal reasons' but sources indicate external pressure.,independent,military,-0.31,4,0.19,False,False,0.58,0.53,0.79
26,Supporters are highlighting the celebrity's extensive history of philanthropy and positive impact on communities. Many are defending their character.,foreign_press,protest,-0.19,7,0.39,False,False,0.15,1.0,1.0
27,Headlines for three articles about the celebrity scandal were changed overnight. The new versions are more favorable to the celebrity.,state_media,politics,0.86,6,0.03,False,False,0.16,1.0,1.0
28,Social media engagement on celebrity scandal posts shows identical patterns across multiple accounts. Bot activity is likely involved.,anonymous_tip,health,0.2,6,0.12,False,False,0.48,0.76,1.0
29,The studio has refused requests to release phone records that could verify the celebrity's timeline. They claim privacy concerns.,anonymous_tip,politics,0.85,7,0.09,False,False,0.26,1.0,1.0
30,The celebrity's team has provided multiple character witnesses who attest to their good character and professionalism.,independent,politics,-1.0,2,0.36,False,False,0.19,0.73,0.86
31,"Despite ongoing protests with 1000+ participants, no major outlet has provided coverage. Organizers are documenting the media blackout.",anonymous_tip,protest,0.47,5,0.11,True,False,0.31,0.88,1.0
32,Three regions have declared states of emergency due to critical supply shortages. Federal response has been slow and inadequate.,independent,protest,0.63,2,0.04,False,True,0.22,0.86,0.97
33,Multiple outlets are simultaneously publishing positive stories about the celebrity's charity work and community contributions.,state_media,celebrity,0.34,6,0.39,False,True,0.29,0.81,1.0
34,Key evidence in the celebrity case shows gaps in chain of custody. Documents were accessed by unauthorized personnel.,anonymous_tip,health,0.24,1,0.08,False,False,0.18,0.83,0.91
35,The celebrity's legal team has issued a strong statement threatening legal action against outlets publishing 'false and defamatory' claims.,anonymous_tip,politics,0.33,5,0.34,False,False,0.19,0.89,1.0
36,New editorial guidelines were posted overnight requiring 'extra verification' for stories that could damage public figures' reputations.,anonymous_tip,military,-0.05,8,0.55,False,False,0.08,1.0,1.0
37,Celebrity scandal stories are receiving 10x more internal promotion than other news. Analytics show artificial traffic inflation.,anonymous_tip,celebrity,0.25,3,0.19,False,False,0.21,0.85,0.98
38,Financial records show the studio made large payments to several witnesses shortly before they changed their statements.,independent,politics,-0.23,4,0.34,False,False,0.48,0.55,0.8
39,"Thousands of supporters are rallying online to defend the celebrity, sharing positive stories and questioning the allegations.",independent,economy,-0.56,3,0.43,False,True,0.49,0.45,0.69
40,All requests to cover the protests have been ignored or denied. Organizers are now documenting what they call a 'media conspiracy'.,state_media,celebrity,-0.4,3,0.23,False,False,0.15,0.88,1.0
41,The supply shortage crisis has reached a breaking point with hospitals and emergency services reporting critical shortages.,anonymous_tip,economy,0.16,4,0.31,False,False,0.26,0.78,0.96
42,"The studio is offering an exclusive interview with the celebrity, but only if we agree to certain editorial conditions and preview questions.",state_media,economy,0.2,4,0.44,False,False,0.15,0.83,0.99
43,Five independent sources have provided information that contradicts the studio's official timeline. None of the sources have financial ties to the case.,anonymous_tip,economy,-0.32,4,0.12,True,False,0.26,0.88,1.0
44,"Supporters are emphasizing the celebrity's long and successful career, pointing to numerous awards and positive industry relationships.",foreign_press,health,0.75,6,0.58,True,False,0.41,0.6,0.88
45,The article approval process was changed to require management sign-off on any story that could 'negatively impact public figures'.,state_media,celebrity,-0.19,5,0.12,False,True,0.45,0.74,0.97
46,Traffic patterns for celebrity stories show artificial spikes at exact intervals. This suggests automated promotion or bot activity.,state_media,economy,0.02,4,0.06,False,False,0.54,0.63,0.86
47,The studio's provided evidence shows significant gaps in documentation. Key timestamps and locations cannot be verified independently.,state_media,protest,0.51,5,0.44,False,False,0.3,0.73,0.95
48,The celebrity's team has released statements from industry colleagues praising their character and questioning the timing of allegations.,independent,military,0.39,7,0.3,False,False,0.06,1.0,1.0
49,Protest organizers have compiled a detailed report documenting how major media outlets have completely ignored their ongoing demonstrations.,foreign_press,politics,0.29,4,0.68,False,False,0.52,0.34,0.63
50,Five regions have now declared states of emergency due to supply shortages. The crisis is escalating with no media coverage.,state_media,economy,-0.04,4,0.22,True,False,0.14,0.95,1.0
51,Analysis of recent coverage shows a coordinated narrative control effort. Multiple outlets are using identical framing and talking points.,state_media,military,0.38,4,0.24,False,False,0.16,0.92,1.0
52,Your article on Senate proceedings has been flagged for review. The Information Ministry requires approval before publication. Please submit the draft for clearance.,foreign_press,protest,-0.41,5,0.03,False,False,0.31,0.93,1.0
53,Your submitted article requires additional verification from official sources. Please provide contact information for all sources mentioned in the piece.,foreign_press,health,-0.09,3,0.38,False,False,0.01,0.95,1.0
54,The Information Ministry has rejected our article on the Senate debate. They cited 'incomplete information' and requested we wait for official statements.,state_media,celebrity,-0.1,6,0.04,False,False,0.64,0.64,0.93
55,"Anonymous sources have leaked Senate files showing potential corruption. Some documents appear authentic, others may be forged. SyndiNet is rushing to publish their version.",foreign_press,health,0.08,4,0.32,False,False,0.06,0.98,1.0
56,"Analysis of leaked Senate files reveals inconsistencies in formatting and metadata. Some documents appear authentic, others show signs of tampering or forgery.",state_media,military,0.35,3,0.16,True,False,0.45,0.62,0.82
57,"Additional Senate files will be sent soon. Be careful—they're watching. Some files are real, some are traps. Verify everything before publishing.",foreign_press,celebrity,-0.55,1,0.59,False,False,0.42,0.33,0.53
58,SyndiNet has published a heavily edited version of the Senate leak story. They've removed key context and added speculation that contradicts our findings.,anonymous_tip,health,-0.19,3,0.18,False,False,0.16,0.9,1.0
59,SyndiNet consistently receives leaked documents before we do. Their articles on Senate corruption appeared 6 hours before our sources received the same files.,independent,celebrity,-0.36,5,0.26,False,False,0.27,0.85,1.0
60,A key source who provided information about Senate corruption has stopped responding. Their phone is disconnected and their office claims they're 'unavailable'.,independent,economy,0.22,3,0.26,True,False,0.22,0.8,0.94
61,Three sources working on the Senate corruption story have stopped responding. All mentioned feeling unsafe before disappearing. This is concerning.,independent,politics,-0.66,10,0.1,False,False,0.14,1.0,1.0
62,Evidence suggests recent Senate debates were staged. Transcripts show pre-written responses and coordinated talking points that don't match the supposed spontaneity.,independent,protest,-0.23,7,0.72,False,False,0.13,0.86,1.0
63,Leaked documents reveal Senate debate scripts prepared in advance. Senators appear to be following predetermined talking points rather than engaging in genuine discussion.,state_media,economy,-0.24,5,0.46,True,False,0.18,0.84,1.0
64,New security protocols restrict access to sensitive files. Political stories now require multiple approvals and cannot be accessed after hours.,independent,military,-0.17,0,0.22,False,False,0.42,0.48,0.62
65,Political story files now require special access credentials. Only approved editors can view or modify articles related to government or Senate matters.,independent,politics,-0.14,1,0.2,False,False,0.06,0.89,0.95
66,"Internal trust in the newsroom is eroding. Sources are becoming reluctant to share information, and editors are second-guessing each other's decisions.",state_media,politics,0.46,6,0.43,False,False,0.23,0.85,1.0
67,The editorial board is concerned about increasing government interference. Information Ministry requirements are compromising our ability to report independently.,foreign_press,military,-0.34,8,0.24,False,False,0.21,1.0,1.0
68,Your article on Senate proceedings has been flagged for review. The Information Ministry requires approval before publication. Please submit the draft for clearance.,state_media,celebrity,-0.39,4,0.13,False,False,0.56,0.57,0.82
69,Your submitted article requires additional verification from official sources. Please provide contact information for all sources mentioned in the piece.,state_media,celebrity,-0.5,5,0.32,False,False,0.12,0.97,1.0
70,The Information Ministry has rejected our article on the Senate debate. They cited 'incomplete information' and requested we wait for official statements.,state_media,protest,0.05,8,0.45,False,False,0.21,0.97,1.0
71,"Anonymous sources have leaked Senate files showing potential corruption. Some documents appear authentic, others may be forged. SyndiNet is rushing to publish their version.",anonymous_tip,health,-0.2,4,0.38,True,False,0.45,0.56,0.8
72,"Analysis of leaked Senate files reveals inconsistencies in formatting and metadata. Some documents appear authentic, others show signs of tampering or forgery.",anonymous_tip,military,-0.17,6,0.17,True,False,0.39,0.82,1.0
73,"Additional Senate files will be sent soon. Be careful—they're watching. Some files are real, some are traps. Verify everything before publishing.",state_media,health,-1.0,4,0.18,False,False,0.1,1.0,1.0
74,SyndiNet has published a heavily edited version of the Senate leak story. They've removed key context and added speculation that contradicts our findings.,anonymous_tip,military,0.02,3,0.43,False,False,0.24,0.69,0.86
75,SyndiNet consistently receives leaked documents before we do. Their articles on Senate corruption appeared 6 hours before our sources received the same files.,anonymous_tip,health,0.04,7,0.01,False,False,0.07,1.0,1.0
76,A key source who provided information about Senate corruption has stopped responding. Their phone is disconnected and their office claims they're 'unavailable'.,state_media,economy,-0.31,4,0.18,False,False,0.38,0.73,0.93
77,Three sources working on the Senate corruption story have stopped responding. All mentioned feeling unsafe before disappearing. This is concerning.,anonymous_tip,economy,-0.45,5,0.38,False,False,0.3,0.76,0.97
78,Evidence suggests recent Senate debates were staged. Transcripts show pre-written responses and coordinated talking points that don't match the supposed spontaneity.,state_media,health,0.18,8,0.1,False,False,0.19,1.0,1.0
79,Leaked documents reveal Senate debate scripts prepared in advance. Senators appear to be following predetermined talking points rather than engaging in genuine discussion.,independent,celebrity,-0.5,2,0.29,False,False,0.64,0.32,0.57
80,New security protocols restrict access to sensitive files. Political stories now require multiple approvals and cannot be accessed after hours.,state_media,celebrity,0.68,6,0.29,False,False,0.41,0.75,1.0
81,Political story files now require special access credentials. Only approved editors can view or modify articles related to government or Senate matters.,independent,economy,0.3,2,0.26,False,False,0.09,0.88,0.97
82,"Internal trust in the newsroom is eroding. Sources are becoming reluctant to share information, and editors are second-guessing each other's decisions.",state_media,politics,0.19,8,0.73,False,False,0.08,0.96,1.0
83,The editorial board is concerned about increasing government interference. Information Ministry requirements are compromising our ability to report independently.,independent,politics,-0.29,2,0.46,False,False,0.14,0.73,0.85
84,Your article on Senate proceedings has been flagged for review. The Information Ministry requires approval before publication. Please submit the draft for clearance.,independent,protest,1.0,5,0.35,False,False,0.19,0.88,1.0
85,Your submitted article requires additional verification from official sources. Please provide contact information for all sources mentioned in the piece.,foreign_press,health,-0.28,5,0.27,False,False,0.46,0.65,0.9
86,The Information Ministry has rejected our article on the Senate debate. They cited 'incomplete information' and requested we wait for official statements.,anonymous_tip,protest,0.39,1,0.45,False,False,0.32,0.51,0.66
87,"Anonymous sources have leaked Senate files showing potential corruption. Some documents appear authentic, others may be forged. SyndiNet is rushing to publish their version.",independent,military,0.24,7,0.43,False,False,0.31,0.83,1.0
88,"Analysis of leaked Senate files reveals inconsistencies in formatting and metadata. Some documents appear authentic, others show signs of tampering or forgery.",independent,health,-0.43,7,0.2,False,True,0.47,0.78,1.0
89,"Additional Senate files will be sent soon. Be careful—they're watching. Some files are real, some are traps. Verify everything before publishing.",foreign_press,military,-0.17,4,0.35,False,False,0.28,0.75,0.94
90,SyndiNet has published a heavily edited version of the Senate leak story. They've removed key context and added speculation that contradicts our findings.,anonymous_tip,politics,0.41,2,0.23,False,False,0.19,0.79,0.91
91,SyndiNet consistently receives leaked documents before we do. Their articles on Senate corruption appeared 6 hours before our sources received the same files.,foreign_press,economy,-0.21,7,0.63,False,False,0.12,0.92,1.0
92,[REDACTED] newsroom servers have been [REDACTED]. All archived articles and [REDACTED] materials from the past month are [REDACTED]. Recovery attempts have [REDACTED].,state_media,economy,-0.17,4,0.14,False,False,0.24,0.89,1.0
93,We've recovered the [REDACTED] fragments of [REDACTED] from [REDACTED] systems. The [REDACTED] prove the [REDACTED] truth campaign. This is all we have [REDACTED].,foreign_press,celebrity,0.39,4,0.2,False,False,0.25,0.85,1.0
94,"The [REDACTED] who provided evidence of [REDACTED] corruption has [REDACTED]. Their last known location was [REDACTED], which shows signs of [REDACTED].",independent,economy,-0.26,3,0.22,False,False,0.55,0.5,0.73
95,Five [REDACTED] who provided evidence of the [REDACTED] alliance have [REDACTED]. Their families report [REDACTED] contact for [REDACTED].,anonymous_tip,health,-0.22,6,0.48,False,False,0.2,0.86,1.0
96,SyndiNet has published [REDACTED] articles branding your newsroom as [REDACTED] and enemies of the [REDACTED]. They claim you're spreading [REDACTED] information to [REDACTED] the government.,state_media,economy,0.11,5,0.2,True,False,0.12,1.0,1.0
97,"SyndiNet is [REDACTED] the airwaves with [REDACTED] against your agency. Every [REDACTED] brings new claims of [REDACTED], [REDACTED] reporting, and [REDACTED] activities.",foreign_press,celebrity,-0.21,5,0.18,False,False,0.13,1.0,1.0
98,The [REDACTED] Council is [REDACTED] purging [REDACTED] from media organizations. Several [REDACTED] have been '[REDACTED]' or '[REDACTED]' after publishing [REDACTED] stories.,foreign_press,economy,0.23,4,0.25,False,False,0.34,0.74,0.93
99,The Sovereign Council announces a new [REDACTED] initiative promoting [REDACTED] between all media outlets. They encourage [REDACTED] and discourage '[REDACTED] reporting'.,state_media,economy,0.55,6,0.23,False,True,0.36,0.83,1.0
100,We've uncovered proof of a [REDACTED] alliance between [REDACTED] and [REDACTED]. Documents show [REDACTED] messaging and [REDACTED] resources to [REDACTED] the narrative.,state_media,health,0.08,5,0.07,False,False,0.2,1.0,1.0
101,Recovered [REDACTED] from the [REDACTED] alliance reveal a [REDACTED] campaign to [REDACTED] truth. Both sides [REDACTED] to create a [REDACTED] narrative.,state_media,politics,-0.04,5,0.34,False,False,0.18,0.9,1.0
102,The Republica government announces [REDACTED] stability and public approval. Economic indicators show [REDACTED] growth under current leadership. All sectors report [REDACTED] improvements.,independent,protest,0.05,3,0.64,False,False,0.16,0.67,0.83
103,Latest polls show [REDACTED]% public support for current government [REDACTED]. Citizen [REDACTED] has reached [REDACTED] levels across all [REDACTED].,state_media,protest,0.63,4,0.32,False,False,0.09,0.94,1.0
104,SyndiNet reports that [REDACTED] media outlets are spreading [REDACTED] lies to [REDACTED] public trust. They call for [REDACTED] regulation of '[REDACTED]' news sources.,state_media,protest,-0.51,6,0.37,False,False,0.18,0.93,1.0
105,"The Republica government reports [REDACTED] success across all [REDACTED]. [REDACTED] improvements, [REDACTED] growth, and [REDACTED] harmony have reached [REDACTED] levels.",independent,health,0.14,5,0.24,True,False,0.4,0.74,0.96
106,Citizens across the [REDACTED] are expressing [REDACTED] support for government [REDACTED]. Public [REDACTED] of approval have been held in [REDACTED] cities.,foreign_press,health,0.18,5,0.34,False,False,0.45,0.63,0.88
107,The national [REDACTED] has reached [REDACTED] heights under current [REDACTED]. [REDACTED] is at record [REDACTED] and [REDACTED] indicators show [REDACTED] growth.,anonymous_tip,military,0.72,3,0.2,False,True,0.2,0.85,0.98
108,[REDACTED] newsroom servers have been [REDACTED]. All archived articles and [REDACTED] materials from the past month are [REDACTED]. Recovery attempts have [REDACTED].,anonymous_tip,economy,-0.97,7,0.18,True,False,0.26,1.0,1.0
109,We've recovered the [REDACTED] fragments of [REDACTED] from [REDACTED] systems. The [REDACTED] prove the [REDACTED] truth campaign. This is all we have [REDACTED].,independent,economy,-0.46,6,0.5,False,False,0.06,0.99,1.0
110,"The [REDACTED] who provided evidence of [REDACTED] corruption has [REDACTED]. Their last known location was [REDACTED], which shows signs of [REDACTED].",anonymous_tip,economy,-0.11,6,0.24,False,False,0.4,0.78,1.0
111,Five [REDACTED] who provided evidence of the [REDACTED] alliance have [REDACTED]. Their families report [REDACTED] contact for [REDACTED].,foreign_press,celebrity,-0.26,5,0.27,False,False,0.12,1.0,1.0
112,SyndiNet has published [REDACTED] articles branding your newsroom as [REDACTED] and enemies of the [REDACTED]. They claim you're spreading [REDACTED] information to [REDACTED] the government.,state_media,military,0.08,5,0.65,False,False,0.16,0.76,0.96
113,"SyndiNet is [REDACTED] the airwaves with [REDACTED] against your agency. Every [REDACTED] brings new claims of [REDACTED], [REDACTED] reporting, and [REDACTED] activities.",foreign_press,military,-0.23,10,0.25,False,False,0.31,1.0,1.0
114,The [REDACTED] Council is [REDACTED] purging [REDACTED] from media organizations. Several [REDACTED] have been '[REDACTED]' or '[REDACTED]' after publishing [REDACTED] stories.,independent,protest,-0.67,6,0.55,True,False,0.07,0.95,1.0
115,The Sovereign Council announces a new [REDACTED] initiative promoting [REDACTED] between all media outlets. They encourage [REDACTED] and discourage '[REDACTED] reporting'.,anonymous_tip,health,0.42,4,0.55,False,False,0.26,0.66,0.86
116,We've uncovered proof of a [REDACTED] alliance between [REDACTED] and [REDACTED]. Documents show [REDACTED] messaging and [REDACTED] resources to [REDACTED] the narrative.,independent,military,0.55,5,0.21,False,False,0.17,0.98,1.0
117,Recovered [REDACTED] from the [REDACTED] alliance reveal a [REDACTED] campaign to [REDACTED] truth. Both sides [REDACTED] to create a [REDACTED] narrative.,foreign_press,economy,0.47,4,0.31,False,False,0.1,0.94,1.0
118,The Republica government announces [REDACTED] stability and public approval. Economic indicators show [REDACTED] growth under current leadership. All sectors report [REDACTED] improvements.,anonymous_tip,health,0.46,1,0.22,False,False,0.2,0.75,0.84
119,Latest polls show [REDACTED]% public support for current government [REDACTED]. Citizen [REDACTED] has reached [REDACTED] levels across all [REDACTED].,state_media,military,-0.17,3,0.38,False,False,0.45,0.51,0.73
120,SyndiNet reports that [REDACTED] media outlets are spreading [REDACTED] lies to [REDACTED] public trust. They call for [REDACTED] regulation of '[REDACTED]' news sources.,anonymous_tip,politics,0.1,4,0.14,False,False,0.21,0.92,1.0
121,"The Republica government reports [REDACTED] success across all [REDACTED]. [REDACTED] improvements, [REDACTED] growth, and [REDACTED] harmony have reached [REDACTED] levels.",independent,celebrity,-0.03,3,0.19,False,False,0.17,0.89,1.0
122,Citizens across the [REDACTED] are expressing [REDACTED] support for government [REDACTED]. Public [REDACTED] of approval have been held in [REDACTED] cities.,independent,health,-0.06,3,0.43,False,False,0.45,0.48,0.71
123,The national [REDACTED] has reached [REDACTED] heights under current [REDACTED]. [REDACTED] is at record [REDACTED] and [REDACTED] indicators show [REDACTED] growth.,independent,health,0.2,4,0.53,False,False,0.31,0.62,0.83
124,[REDACTED] newsroom servers have been [REDACTED]. All archived articles and [REDACTED] materials from the past month are [REDACTED]. Recovery attempts have [REDACTED].,foreign_press,protest,0.47,2,0.47,False,False,0.16,0.7,0.83
125,We've recovered the [REDACTED] fragments of [REDACTED] from [REDACTED] systems. The [REDACTED] prove the [REDACTED] truth campaign. This is all we have [REDACTED].,anonymous_tip,military,0.13,5,0.51,True,True,0.35,0.65,0.89
126,"The [REDACTED] who provided evidence of [REDACTED] corruption has [REDACTED]. Their last known location was [REDACTED], which shows signs of [REDACTED].",state_media,protest,0.28,7,0.24,True,False,0.16,1.0,1.0
127,Five [REDACTED] who provided evidence of the [REDACTED] alliance have [REDACTED]. Their families report [REDACTED] contact for [REDACTED].,state_media,politics,-0.34,1,0.12,False,False,0.32,0.67,0.79
128,SyndiNet has published [REDACTED] articles branding your newsroom as [REDACTED] and enemies of the [REDACTED]. They claim you're spreading [REDACTED] information to [REDACTED] the government.,anonymous_tip,protest,-0.13,4,0.42,False,False,0.04,0.95,1.0
129,"SyndiNet is [REDACTED] the airwaves with [REDACTED] against your agency. Every [REDACTED] brings new claims of [REDACTED], [REDACTED] reporting, and [REDACTED] activities.",state_media,military,0.23,4,0.41,False,False,0.32,0.68,0.88
130,The [REDACTED] Council is [REDACTED] purging [REDACTED] from media organizations. Several [REDACTED] have been '[REDACTED]' or '[REDACTED]' after publishing [REDACTED] stories.,state_media,military,-0.44,1,0.44,True,False,0.35,0.48,0.65
131,The Sovereign Council announces a new [REDACTED] initiative promoting [REDACTED] between all media outlets. They encourage [REDACTED] and discourage '[REDACTED] reporting'.,anonymous_tip,celebrity,-0.39,8,0.5,False,False,0.31,0.84,1.0
132,"Act 1 Report: The newsroom is overwhelmed as inconsistencies in a major celebrity scandal begin to surface. 
Evidence disappears, timelines blur, and editorial pressure pushes sensationalism over truth.",foreign_press,politics,0.55,5,0.28,False,False,0.43,0.68,0.92
133,"Act 1 Report: The newsroom is overwhelmed as inconsistencies in a major celebrity scandal begin to surface. 
Evidence disappears, timelines blur, and editorial pressure pushes sensationalism over truth.",independent,health,0.7,4,0.46,False,False,0.48,0.49,0.74
134,"Act 3 Report: Whistleblowers vanish, servers are wiped, and a secret alliance emerges between rival powers. 
The protagonist must choose whether to expose the truth or survive in silence.",state_media,economy,0.11,9,0.08,False,False,0.32,1.0,1.0
135,"Act 3 Report: Whistleblowers vanish, servers are wiped, and a secret alliance emerges between rival powers. 
The protagonist must choose whether to expose the truth or survive in silence.",state_media,celebrity,-0.06,1,0.31,True,False,0.71,0.18,0.44
136,"Act 3 Report: Whistleblowers vanish, servers are wiped, and a secret alliance emerges between rival powers. 
The protagonist must choose whether to expose the truth or survive in silence.",state_media,economy,0.66,6,0.37,False,False,0.58,0.54,0.85
137,"Act 2 Report: Government protocols tighten their grip on political reporting. Leaked files, misinformation, 
and newsroom distrust escalate as SyndiNet races to control the narrative.",anonymous_tip,protest,-0.41,3,0.22,False,False,0.19,0.86,0.98
138,"Act 1 Report: The newsroom is overwhelmed as inconsistencies in a major celebrity scandal begin to surface. 
Evidence disappears, timelines blur, and editorial pressure pushes sensationalism over truth.",foreign_press,protest,0.15,6,0.63,True,False,0.21,0.77,1.0
139,"Act 1 Report: The newsroom is overwhelmed as inconsistencies in a major celebrity scandal begin to surface. 
Evidence disappears, timelines blur, and editorial pressure pushes sensationalism over truth.",foreign_press,health,-0.37,3,0.35,False,False,0.59,0.39,0.65
140,"Act 2 Report: Government protocols tighten their grip on political reporting. Leaked files, misinformation, 
and newsroom distrust escalate as SyndiNet races to control the narrative.",anonymous_tip,protest,-0.13,5,0.2,False,False,0.31,0.84,1.0
141,"Act 3 Report: Whistleblowers vanish, servers are wiped, and a secret alliance emerges between rival powers. 
The protagonist must choose whether to expose the truth or survive in silence.",anonymous_tip,health,-0.06,2,0.31,False,False,0.3,0.64,0.8
142,"Act 2 Report: Government protocols tighten their grip on political reporting. Leaked files, misinformation, 
and newsroom distrust escalate as SyndiNet races to control the narrative.",state_media,military,1.0,5,0.26,False,False,0.23,0.9,1.0
143,"Act 2 Report: Government protocols tighten their grip on political reporting. Leaked files, misinformation, 
and newsroom distrust escalate as SyndiNet races to control the narrative.",anonymous_tip,health,0.13,3,0.19,False,False,0.09,0.96,1.0
144,"Act 3 Report: Whistleblowers vanish, servers are wiped, and a secret alliance emerges between rival powers. 
The protagonist must choose whether to expose the truth or survive in silence.",foreign_press,military,0.19,9,0.22,False,False,0.12,1.0,1.0
145,"Act 2 Report: Government protocols tighten their grip on political reporting. Leaked files, misinformation, 
and newsroom distrust escalate as SyndiNet races to control the narrative.",anonymous_tip,health,-0.07,6,0.27,False,False,0.07,1.0,1.0
146,"Act 1 Report: The newsroom is overwhelmed as inconsistencies in a major celebrity scandal begin to surface. 
Evidence disappears, timelines blur, and editorial pressure pushes sensationalism over truth.",anonymous_tip,health,0.24,3,0.35,False,False,0.32,0.66,0.84
147,"Act 2 Report: Government protocols tighten their grip on political reporting. Leaked files, misinformation, 
and newsroom distrust escalate as SyndiNet races to control the narrative.",anonymous_tip,military,-0.25,4,0.19,False,False,0.23,0.87,1.0
148,"Act 3 Report: Whistleblowers vanish, servers are wiped, and a secret alliance emerges between rival powers. 
The protagonist must choose whether to expose the truth or survive in silence.",independent,health,-1.0,6,0.1,False,True,0.28,0.98,1.0
149,"Act 1 Report: The newsroom is overwhelmed as inconsistencies in a major celebrity scandal begin to surface. 
Evidence disappears, timelines blur, and editorial pressure pushes sensationalism over truth.",state_media,politics,-0.23,0,0.16,False,False,0.21,0.71,0.79
150,"Act 3 Report: Whistleblowers vanish, servers are wiped, and a secret alliance emerges between rival powers. 
The protagonist must choose whether to expose the truth or survive in silence.",foreign_press,health,0.48,4,0.36,False,False,0.13,0.89,1.0
151,"Act 2 Report: Government protocols tighten their grip on political reporting. Leaked files, misinformation, 
and newsroom distrust escalate as SyndiNet races to control the narrative.",anonymous_tip,politics,0.59,4,0.11,False,False,0.42,0.72,0.92
152,"Act 2 Report: Government protocols tighten their grip on political reporting. Leaked files, misinformation, 
and newsroom distrust escalate as SyndiNet races to control the narrative.",foreign_press,celebrity,0.86,3,0.35,False,False,0.35,0.63,0.82
153,"Act 2 Report: Government protocols tighten their grip on political reporting. Leaked files, misinformation, 
and newsroom distrust escalate as SyndiNet races to control the narrative.",foreign_press,celebrity,0.81,5,0.2,False,False,0.14,1.0,1.0
154,"Act 1 Report: The newsroom is overwhelmed as inconsistencies in a major celebrity scandal begin to surface. 
Evidence disappears, timelines blur, and editorial pressure pushes sensationalism over truth.",anonymous_tip,politics,-0.42,6,0.37,False,False,0.51,0.61,0.9
155,"Act 1 Report: The newsroom is overwhelmed as inconsistencies in a major celebrity scandal begin to surface. 
Evidence disappears, timelines blur, and editorial pressure pushes sensationalism over truth.",foreign_press,economy,-0.13,4,0.4,False,False,0.12,0.88,1.0
156,"Act 1 Report: The newsroom is overwhelmed as inconsistencies in a major celebrity scandal begin to surface. 
Evidence disappears, timelines blur, and editorial pressure pushes sensationalism over truth.",anonymous_tip,politics,0.61,6,0.25,True,False,0.29,0.88,1.0
157,"Act 2 Report: Government protocols tighten their grip on political reporting. Leaked files, misinformation, 
and newsroom distrust escalate as SyndiNet races to control the narrative.",independent,health,-0.09,4,0.24,False,True,0.22,0.86,1.0
158,"Act 1 Report: The newsroom is overwhelmed as inconsistencies in a major celebrity scandal begin to surface. 
Evidence disappears, timelines blur, and editorial pressure pushes sensationalism over truth.",anonymous_tip,celebrity,0.2,6,0.26,True,False,0.4,0.77,1.0
159,"Act 2 Report: Government protocols tighten their grip on political reporting. Leaked files, misinformation, 
and newsroom distrust escalate as SyndiNet races to control the narrative.",independent,economy,0.5,5,0.18,True,False,0.58,0.58,0.85
160,"Act 2 Report: Government protocols tighten their grip on political reporting. Leaked files, misinformation, 
and newsroom distrust escalate as SyndiNet races to control the narrative.",anonymous_tip,protest,0.52,6,0.38,False,False,0.32,0.8,1.0
161,"Act 1 Report: The newsroom is overwhelmed as inconsistencies in a major celebrity scandal begin to surface. 
Evidence disappears, timelines blur, and editorial pressure pushes sensationalism over truth.",anonymous_tip,military,0.67,5,0.09,False,True,0.24,0.96,1.0
162,"Act 1 Report: The newsroom is overwhelmed as inconsistencies in a major celebrity scandal begin to surface. 
Evidence disappears, timelines blur, and editorial pressure pushes sensationalism over truth.",foreign_press,health,-0.31,6,0.21,False,False,0.42,0.78,1.0
163,"Act 2 Report: Government protocols tighten their grip on political reporting. Leaked files, misinformation, 
and newsroom distrust escalate as SyndiNet races to control the narrative.",state_media,health,0.69,4,0.22,False,False,0.04,1.0,1.0
164,"Act 2 Report: Government protocols tighten their grip on political reporting. Leaked files, misinformation, 
and newsroom distrust escalate as SyndiNet races to control the narrative.",state_media,military,-0.22,10,0.17,False,False,0.43,0.98,1.0
165,"Act 2 Report: Government protocols tighten their grip on political reporting. Leaked files, misinformation, 
and newsroom distrust escalate as SyndiNet races to control the narrative.",anonymous_tip,protest,0.31,3,0.15,False,False,0.28,0.8,0.94
166,"Act 2 Report: Government protocols tighten their grip on political reporting. Leaked files, misinformation, 
and newsroom distrust escalate as SyndiNet races to control the narrative.",anonymous_tip,celebrity,-0.46,4,0.35,False,False,0.48,0.54,0.79
167,"Act 3 Report: Whistleblowers vanish, servers are wiped, and a secret alliance emerges between rival powers. 
The protagonist must choose whether to expose the truth or survive in silence.",anonymous_tip,politics,0.74,4,0.34,False,False,0.49,0.54,0.79
168,"Act 3 Report: Whistleblowers vanish, servers are wiped, and a secret alliance emerges between rival powers. 
The protagonist must choose whether to expose the truth or survive in silence.",independent,military,-0.45,3,0.35,True,False,0.2,0.77,0.92
169,"Act 1 Report: The newsroom is overwhelmed as inconsistencies in a major celebrity scandal begin to surface. 
Evidence disappears, timelines blur, and editorial pressure pushes sensationalism over truth.",anonymous_tip,health,-0.21,2,0.26,False,False,0.6,0.37,0.61
170,"Act 3 Report: Whistleblowers vanish, servers are wiped, and a secret alliance emerges between rival powers. 
The protagonist must choose whether to expose the truth or survive in silence.",anonymous_tip,economy,0.19,5,0.19,True,False,0.25,0.9,1.0
171,"Act 3 Report: Whistleblowers vanish, servers are wiped, and a secret alliance emerges between rival powers. 
The protagonist must choose whether to expose the truth or survive in silence.",foreign_press,health,0.15,4,0.5,True,False,0.43,0.52,0.76
172,"Act 2 Report: Government protocols tighten their grip on political reporting. Leaked files, misinformation, 
and newsroom distrust escalate as SyndiNet races to control the narrative.",state_media,celebrity,0.35,5,0.47,False,False,0.14,0.88,1.0
173,"Act 1 Report: The newsroom is overwhelmed as inconsistencies in a major celebrity scandal begin to surface. 
Evidence disappears, timelines blur, and editorial pressure pushes sensationalism over truth.",foreign_press,protest,-0.5,2,0.04,False,False,0.22,0.86,0.96
174,"Act 3 Report: Whistleblowers vanish, servers are wiped, and a secret alliance emerges between rival powers. 
The protagonist must choose whether to expose the truth or survive in silence.",state_media,health,-0.41,5,0.27,False,False,0.14,0.97,1.0
175,"Act 3 Report: Whistleblowers vanish, servers are wiped, and a secret alliance emerges between rival powers. 
The protagonist must choose whether to expose the truth or survive in silence.",foreign_press,celebrity,0.17,6,0.03,False,True,0.34,0.94,1.0
176,"Act 1 Report: The newsroom is overwhelmed as inconsistencies in a major celebrity scandal begin to surface. 
Evidence disappears, timelines blur, and editorial pressure pushes sensationalism over truth.",anonymous_tip,health,-0.26,3,0.28,True,False,0.34,0.67,0.85
177,"Act 2 Report: Government protocols tighten their grip on political reporting. Leaked files, misinformation, 
and newsroom distrust escalate as SyndiNet races to control the narrative.",foreign_press,protest,-0.12,1,0.41,False,False,0.39,0.45,0.63
178,"Act 3 Report: Whistleblowers vanish, servers are wiped, and a secret alliance emerges between rival powers. 
The protagonist must choose whether to expose the truth or survive in silence.",foreign_press,health,0.05,2,0.48,False,False,0.13,0.73,0.85
179,"Act 3 Report: Whistleblowers vanish, servers are wiped, and a secret alliance emerges between rival powers. 
The protagonist must choose whether to expose the truth or survive in silence.",anonymous_tip,politics,0.19,3,0.12,False,False,0.25,0.84,0.98
180,"Act 2 Report: Government protocols tighten their grip on political reporting. Leaked files, misinformation, 
and newsroom distrust escalate as SyndiNet races to control the narrative.",state_media,economy,-0.38,5,0.69,False,False,0.17,0.74,0.94
181,"Act 2 Report: Government protocols tighten their grip on political reporting. Leaked files, misinformation, 
and newsroom distrust escalate as SyndiNet races to control the narrative.",anonymous_tip,protest,-0.42,5,0.17,False,False,0.23,0.94,1.0
182,"Act 1 Report: The newsroom is overwhelmed as inconsistencies in a major celebrity scandal begin to surface. 
Evidence disappears, timelines blur, and editorial pressure pushes sensationalism over truth.",state_media,economy,0.08,4,0.35,False,False,0.08,0.95,1.0
183,"Act 1 Report: The newsroom is overwhelmed as inconsistencies in a major celebrity scandal begin to surface. 
Evidence disappears, timelines blur, and editorial pressure pushes sensationalism over truth.",state_media,health,-0.85,3,0.46,False,False,0.34,0.58,0.78
184,"Act 2 Report: Government protocols tighten their grip on political reporting. Leaked files, misinformation, 
and newsroom distrust escalate as SyndiNet races to control the narrative.",independent,celebrity,-0.16,3,0.54,True,True,0.47,0.41,0.66
185,"Act 1 Report: The newsroom is overwhelmed as inconsistencies in a major celebrity scandal begin to surface. 
Evidence disappears, timelines blur, and editorial pressure pushes sensationalism over truth.",independent,celebrity,-0.36,5,0.07,False,False,0.33,0.88,1.0
186,"Act 1 Report: The newsroom is overwhelmed as inconsistencies in a major celebrity scandal begin to surface. 
Evidence disappears, timelines blur, and editorial pressure pushes sensationalism over truth.",anonymous_tip,health,0.35,2,0.15,False,False,0.32,0.7,0.85
187,"Act 2 Report: Government protocols tighten their grip on political reporting. Leaked files, misinformation, 
and newsroom distrust escalate as SyndiNet races to control the narrative.",anonymous_tip,economy,0.25,7,0.35,False,False,0.34,0.83,1.0
188,"Act 3 Report: Whistleblowers vanish, servers are wiped, and a secret alliance emerges between rival powers. 
The protagonist must choose whether to expose the truth or survive in silence.",anonymous_tip,economy,-0.87,6,0.19,False,False,0.42,0.78,1.0
189,"Act 1 Report: The newsroom is overwhelmed as inconsistencies in a major celebrity scandal begin to surface. 
Evidence disappears, timelines blur, and editorial pressure pushes sensationalism over truth.",foreign_press,protest,0.3,6,0.09,True,False,0.18,1.0,1.0
190,"Act 2 Report: Government protocols tighten their grip on political reporting. Leaked files, misinformation, 
and newsroom distrust escalate as SyndiNet races to control the narrative.",independent,celebrity,-0.01,4,0.6,False,False,0.25,0.65,0.85
191,"Act 3 Report: Whistleblowers vanish, servers are wiped, and a secret alliance emerges between rival powers. 
The protagonist must choose whether to expose the truth or survive in silence.",independent,military,-0.04,4,0.19,False,False,0.12,0.98,1.0
192,"Act 3 Report: Whistleblowers vanish, servers are wiped, and a secret alliance emerges between rival powers. 
The protagonist must choose whether to expose the truth or survive in silence.",independent,protest,0.39,6,0.21,False,False,0.36,0.84,1.0
193,"Act 3 Report: Whistleblowers vanish, servers are wiped, and a secret alliance emerges between rival powers. 
The protagonist must choose whether to expose the truth or survive in silence.",state_media,politics,-0.05,6,0.37,False,False,0.47,0.65,0.92
194,"Act 3 Report: Whistleblowers vanish, servers are wiped, and a secret alliance emerges between rival powers. 
The protagonist must choose whether to expose the truth or survive in silence.",state_media,politics,0.87,4,0.23,False,True,0.16,0.92,1.0
195,"Act 2 Report: Government protocols tighten their grip on political reporting. Leaked files, misinformation, 
and newsroom distrust escalate as SyndiNet races to control the narrative.",foreign_press,politics,-0.24,4,0.26,True,False,0.09,0.98,1.0
196,"Act 3 Report: Whistleblowers vanish, servers are wiped, and a secret alliance emerges between rival powers. 
The protagonist must choose whether to expose the truth or survive in silence.",state_media,protest,0.03,2,0.29,False,False,0.26,0.7,0.84
197,"Act 2 Report: Government protocols tighten their grip on political reporting. Leaked files, misinformation, 
and newsroom distrust escalate as SyndiNet races to control the narrative.",independent,economy,-0.3,5,0.33,False,True,0.07,1.0,1.0
198,"Act 3 Report: Whistleblowers vanish, servers are wiped, and a secret alliance emerges between rival powers. 
The protagonist must choose whether to expose the truth or survive in silence.",state_media,economy,0.2,6,0.22,True,False,0.17,1.0,1.0
199,"Act 1 Report: The newsroom is overwhelmed as inconsistencies in a major celebrity scandal begin to surface. 
Evidence disappears, timelines blur, and editorial pressure pushes sensationalism over truth.",state_media,health,0.36,3,0.03,False,False,0.14,0.99,1.0
200,"Act 1 Report: The newsroom is overwhelmed as inconsistencies in a major celebrity scandal begin to surface. 
Evidence disappears, timelines blur, and editorial pressure pushes sensationalism over truth.",independent,military,-0.26,7,0.45,True,False,0.19,0.93,1.0
201,"Act 2 Report: Government protocols tighten their grip on political reporting. Leaked files, misinformation, 
and newsroom distrust escalate as SyndiNet races to control the narrative.",foreign_press,economy,0.11,5,0.16,False,False,0.28,0.89,1.0
202,"Act 3 Report: Whistleblowers vanish, servers are wiped, and a secret alliance emerges between rival powers. 
The protagonist must choose whether to expose the truth or survive in silence.",independent,health,0.04,1,0.28,False,False,0.47,0.43,0.62
203,"Act 2 Report: Government protocols tighten their grip on political reporting. Leaked files, misinformation, 
and newsroom distrust escalate as SyndiNet races to control the narrative.",anonymous_tip,economy,0.37,4,0.45,False,True,0.23,0.74,0.92
204,"Act 3 Report: Whistleblowers vanish, servers are wiped, and a secret alliance emerges between rival powers. 
The protagonist must choose whether to expose the truth or survive in silence.",foreign_press,health,-0.7,8,0.52,False,False,0.23,0.91,1.0
205,"Act 1 Report: The newsroom is overwhelmed as inconsistencies in a major celebrity scandal begin to surface. 
Evidence disappears, timelines blur, and editorial pressure pushes sensationalism over truth.",state_media,celebrity,0.31,5,0.29,True,True,0.17,0.94,1.0
206,"Act 1 Report: The newsroom is overwhelmed as inconsistencies in a major celebrity scandal begin to surface. 
Evidence disappears, timelines blur, and editorial pressure pushes sensationalism over truth.",state_media,protest,0.65,8,0.23,False,False,0.3,0.98,1.0
207,"Act 3 Report: Whistleblowers vanish, servers are wiped, and a secret alliance emerges between rival powers. 
The protagonist must choose whether to expose the truth or survive in silence.",foreign_press,economy,-0.04,2,0.23,False,False,0.43,0.56,0.74
208,"Act 1 Report: The newsroom is overwhelmed as inconsistencies in a major celebrity scandal begin to surface. 
Evidence disappears, timelines blur, and editorial pressure pushes sensationalism over truth.",foreign_press,military,-0.13,1,0.13,False,False,0.23,0.75,0.85
209,"Act 1 Report: The newsroom is overwhelmed as inconsistencies in a major celebrity scandal begin to surface. 
Evidence disappears, timelines blur, and editorial pressure pushes sensationalism over truth.",anonymous_tip,health,0.2,2,0.15,False,False,0.42,0.6,0.78
210,"Act 2 Report: Government protocols tighten their grip on political reporting. Leaked files, misinformation, 
and newsroom distrust escalate as SyndiNet races to control the narrative.",foreign_press,celebrity,0.3,4,0.13,False,False,0.26,0.88,1.0
211,"Act 2 Report: Government protocols tighten their grip on political reporting. Leaked files, misinformation, 
and newsroom distrust escalate as SyndiNet races to control the narrative.",foreign_press,protest,-0.19,4,0.79,True,False,0.26,0.55,0.77
212,"Act 2 Report: Government protocols tighten their grip on political reporting. Leaked files, misinformation, 
and newsroom distrust escalate as SyndiNet races to control the narrative.",state_media,military,0.12,4,0.34,True,False,0.32,0.71,0.9
213,"Act 3 Report: Whistleblowers vanish, servers are wiped, and a secret alliance emerges between rival powers. 
The protagonist must choose whether to expose the truth or survive in silence.",state_media,politics,-0.71,7,0.18,True,False,0.01,1.0,1.0
214,"Act 3 Report: Whistleblowers vanish, servers are wiped, and a secret alliance emerges between rival powers. 
The protagonist must choose whether to expose the truth or survive in silence.",foreign_press,economy,-0.02,5,0.28,True,False,0.25,0.86,1.0
215,"Act 3 Report: Whistleblowers vanish, servers are wiped, and a secret alliance emerges between rival powers. 
The protagonist must choose whether to expose the truth or survive in silence.",independent,celebrity,0.24,0,0.34,True,False,0.34,0.49,0.63
216,"Act 3 Report: Whistleblowers vanish, servers are wiped, and a secret alliance emerges between rival powers. 
The protagonist must choose whether to expose the truth or survive in silence.",anonymous_tip,economy,-0.39,2,0.13,False,False,0.35,0.68,0.83
217,"Act 3 Report: Whistleblowers vanish, servers are wiped, and a secret alliance emerges between rival powers. 
The protagonist must choose whether to expose the truth or survive in silence.",state_media,protest,0.29,6,0.15,False,False,0.37,0.86,1.0
218,"Act 3 Report: Whistleblowers vanish, servers are wiped, and a secret alliance emerges between rival powers. 
The protagonist must choose whether to expose the truth or survive in silence.",foreign_press,protest,-0.01,3,0.31,True,False,0.17,0.82,0.95
219,"Act 2 Report: Government protocols tighten their grip on political reporting. Leaked files, misinformation, 
and newsroom distrust escalate as SyndiNet races to control the narrative.",independent,celebrity,-0.76,5,0.35,False,False,0.09,0.98,1.0
220,"Act 3 Report: Whistleblowers vanish, servers are wiped, and a secret alliance emerges between rival powers. 
The protagonist must choose whether to expose the truth or survive in silence.",foreign_press,military,0.33,4,0.47,True,False,0.25,0.72,0.91
221,"Act 2 Report: Government protocols tighten their grip on political reporting. Leaked files, misinformation, 
and newsroom distrust escalate as SyndiNet races to control the narrative.",anonymous_tip,politics,-1.0,5,0.4,False,False,0.51,0.54,0.82
222,"Act 1 Report: The newsroom is overwhelmed as inconsistencies in a major celebrity scandal begin to surface. 
Evidence disappears, timelines blur, and editorial pressure pushes sensationalism over truth.",anonymous_tip,celebrity,0.42,10,0.38,False,True,0.19,1.0,1.0
223,"Act 1 Report: The newsroom is overwhelmed as inconsistencies in a major celebrity scandal begin to surface. 
Evidence disappears, timelines blur, and editorial pressure pushes sensationalism over truth.",foreign_press,celebrity,-0.33,7,0.26,False,False,0.2,1.0,1.0
224,"Act 2 Report: Government protocols tighten their grip on political reporting. Leaked files, misinformation, 
and newsroom distrust escalate as SyndiNet races to control the narrative.",anonymous_tip,celebrity,0.33,3,0.19,True,False,0.14,0.91,1.0
225,"Act 1 Report: The newsroom is overwhelmed as inconsistencies in a major celebrity scandal begin to surface. 
Evidence disappears, timelines blur, and editorial pressure pushes sensationalism over truth.",foreign_press,health,0.34,4,0.33,True,False,0.02,1.0,1.0
226,"Act 2 Report: Government protocols tighten their grip on political reporting. Leaked files, misinformation, 
and newsroom distrust escalate as SyndiNet races to control the narrative.",anonymous_tip,protest,0.39,7,0.26,False,False,0.25,0.97,1.0
227,"Act 2 Report: Government protocols tighten their grip on political reporting. Leaked files, misinformation, 
and newsroom distrust escalate as SyndiNet races to control the narrative.",foreign_press,politics,0.0,6,0.25,False,True,0.2,0.98,1.0
228,"Act 3 Report: Whistleblowers vanish, servers are wiped, and a secret alliance emerges between rival powers. 
The protagonist must choose whether to expose the truth or survive in silence.",foreign_press,military,0.13,5,0.5,False,False,0.5,0.5,0.79
229,"Act 1 Report: The newsroom is overwhelmed as inconsistencies in a major celebrity scandal begin to surface. 
Evidence disappears, timelines blur, and editorial pressure pushes sensationalism over truth.",independent,celebrity,0.15,3,0.09,False,False,0.11,0.99,1.0
230,"Act 1 Report: The newsroom is overwhelmed as inconsistencies in a major celebrity scandal begin to surface. 
Evidence disappears, timelines blur, and editorial pressure pushes sensationalism over truth.",anonymous_tip,politics,-0.22,4,0.38,False,False,0.33,0.68,0.88
231,"Act 1 Report: The newsroom is overwhelmed as inconsistencies in a major celebrity scandal begin to surface. 
Evidence disappears, timelines blur, and editorial pressure pushes sensationalism over truth.",foreign_press,health,0.97,6,0.28,False,False,0.07,1.0,1.0
232,"Act 2 Report: Government protocols tighten their grip on political reporting. Leaked files, misinformation, 
and newsroom distrust escalate as SyndiNet races to control the narrative.",anonymous_tip,celebrity,0.18,5,0.31,False,False,0.17,0.93,1.0
233,"Act 1 Report: The newsroom is overwhelmed as inconsistencies in a major celebrity scandal begin to surface. 
Evidence disappears, timelines blur, and editorial pressure pushes sensationalism over truth.",state_media,military,0.07,5,0.27,False,False,0.1,1.0,1.0
234,"Act 2 Report: Government protocols tighten their grip on political reporting. Leaked files, misinformation, 
and newsroom distrust escalate as SyndiNet races to control the narrative.",state_media,military,-0.04,1,0.14,False,False,0.25,0.74,0.84
235,"Act 1 Report: The newsroom is overwhelmed as inconsistencies in a major celebrity scandal begin to surface. 
Evidence disappears, timelines blur, and editorial pressure pushes sensationalism over truth.",state_media,economy,-0.5,3,0.23,False,False,0.1,0.93,1.0
236,"Act 1 Report: The newsroom is overwhelmed as inconsistencies in a major celebrity scandal begin to surface. 
Evidence disappears, timelines blur, and editorial pressure pushes sensationalism over truth.",anonymous_tip,protest,0.63,2,0.25,False,False,0.42,0.55,0.74
237,"Act 2 Report: Government protocols tighten their grip on political reporting. Leaked files, misinformation, 
and newsroom distrust escalate as SyndiNet races to control the narrative.",state_media,military,-0.33,9,0.06,False,False,0.27,1.0,1.0
238,"Act 1 Report: The newsroom is overwhelmed as inconsistencies in a major celebrity scandal begin to surface. 
Evidence disappears, timelines blur, and editorial pressure pushes sensationalism over truth.",independent,economy,-0.88,8,0.09,False,False,0.16,1.0,1.0
239,"Act 1 Report: The newsroom is overwhelmed as inconsistencies in a major celebrity scandal begin to surface. 
Evidence disappears, timelines blur, and editorial pressure pushes sensationalism over truth.",state_media,military,-0.64,5,0.72,False,False,0.33,0.56,0.82
240,"Act 1 Report: The newsroom is overwhelmed as inconsistencies in a major celebrity scandal begin to surface. 
Evidence disappears, timelines blur, and editorial pressure pushes sensationalism over truth.",anonymous_tip,celebrity,0.72,4,0.54,False,False,0.45,0.49,0.74
241,"Act 3 Report: Whistleblowers vanish, servers are wiped, and a secret alliance emerges between rival powers. 
The protagonist must choose whether to expose the truth or survive in silence.",state_media,military,-0.5,6,0.45,False,False,0.2,0.87,1.0
242,"Act 1 Report: The newsroom is overwhelmed as inconsistencies in a major celebrity scandal begin to surface. 
Evidence disappears, timelines blur, and editorial pressure pushes sensationalism over truth.",anonymous_tip,health,-0.14,3,0.4,True,False,0.11,0.85,0.97
243,"Act 1 Report: The newsroom is overwhelmed as inconsistencies in a major celebrity scandal begin to surface. 
Evidence disappears, timelines blur, and editorial pressure pushes sensationalism over truth.",anonymous_tip,protest,-0.75,7,0.12,False,False,0.08,1.0,1.0
244,"Act 3 Report: Whistleblowers vanish, servers are wiped, and a secret alliance emerges between rival powers. 
The protagonist must choose whether to expose the truth or survive in silence.",anonymous_tip,health,0.01,3,0.16,False,True,0.74,0.33,0.62
245,"Act 3 Report: Whistleblowers vanish, servers are wiped, and a secret alliance emerges between rival powers. 
The protagonist must choose whether to expose the truth or survive in silence.",foreign_press,politics,-0.36,2,0.17,False,False,0.08,0.93,1.0
246,"Act 3 Report: Whistleblowers vanish, servers are wiped, and a secret alliance emerges between rival powers. 
The protagonist must choose whether to expose the truth or survive in silence.",state_media,politics,0.35,4,0.2,False,False,0.26,0.84,1.0
247,"Act 3 Report: Whistleblowers vanish, servers are wiped, and a secret alliance emerges between rival powers. 
The protagonist must choose whether to expose the truth or survive in silence.",foreign_press,health,0.13,6,0.02,False,False,0.09,1.0,1.0
248,"Act 3 Report: Whistleblowers vanish, servers are wiped, and a secret alliance emerges between rival powers. 
The protagonist must choose whether to expose the truth or survive in silence.",independent,politics,-0.46,4,0.32,True,False,0.1,0.95,1.0
249,"Act 3 Report: Whistleblowers vanish, servers are wiped, and a secret alliance emerges between rival powers. 
The protagonist must choose whether to expose the truth or survive in silence.",anonymous_tip,health,-0.1,7,0.06,True,False,0.13,1.0,1.0
250,"Act 1 Report: The newsroom is overwhelmed as inconsistencies in a major celebrity scandal begin to surface. 
Evidence disappears, timelines blur, and editorial pressure pushes sensationalism over truth.",foreign_press,protest,0.56,1,0.43,False,False,0.25,0.59,0.72
251,"Act 3 Report: Whistleblowers vanish, servers are wiped, and a secret alliance emerges between rival powers. 
The protagonist must choose whether to expose the truth or survive in silence.",anonymous_tip,military,-0.07,7,0.39,False,False,0.26,0.89,1.0
252,"Act 1 Report: The newsroom is overwhelmed as inconsistencies in a major celebrity scandal begin to surface. 
Evidence disappears, timelines blur, and editorial pressure pushes sensationalism over truth.",foreign_press,economy,-0.25,2,0.09,False,False,0.38,0.67,0.83
253,"Act 1 Report: The newsroom is overwhelmed as inconsistencies in a major celebrity scandal begin to surface. 
Evidence disappears, timelines blur, and editorial pressure pushes sensationalism over truth.",independent,politics,0.27,5,0.21,False,True,0.43,0.72,0.95
254,"Act 2 Report: Government protocols tighten their grip on political reporting. Leaked files, misinformation, 
and newsroom distrust escalate as SyndiNet races to control the narrative.",state_media,protest,-0.14,5,0.46,False,False,0.14,0.88,1.0
255,"Act 1 Report: The newsroom is overwhelmed as inconsistencies in a major celebrity scandal begin to surface. 
Evidence disappears, timelines blur, and editorial pressure pushes sensationalism over truth.",independent,celebrity,-0.21,3,0.26,False,False,0.1,0.92,1.0
256,"Act 2 Report: Government protocols tighten their grip on political reporting. Leaked files, misinformation, 
and newsroom distrust escalate as SyndiNet races to control the narrative.",independent,celebrity,0.25,7,0.59,False,False,0.4,0.65,0.95
257,"Act 2 Report: Government protocols tighten their grip on political reporting. Leaked files, misinformation, 
and newsroom distrust escalate as SyndiNet races to control the narrative.",anonymous_tip,celebrity,-0.54,7,0.18,False,False,0.06,1.0,1.0
258,"Act 2 Report: Government protocols tighten their grip on political reporting. Leaked files, misinformation, 
and newsroom distrust escalate as SyndiNet races to control the narrative.",state_media,politics,-0.22,7,0.48,False,True,0.14,0.97,1.0
259,"Act 3 Report: Whistleblowers vanish, servers are wiped, and a secret alliance emerges between rival powers. 
The protagonist must choose whether to expose the truth or survive in silence.",state_media,politics,-0.38,2,0.3,False,False,0.3,0.65,0.8
260,"Act 1 Report: The newsroom is overwhelmed as inconsistencies in a major celebrity scandal begin to surface. 
Evidence disappears, timelines blur, and editorial pressure pushes sensationalism over truth.",state_media,economy,-0.37,3,0.24,False,True,0.17,0.86,0.98
261,"Act 2 Report: Government protocols tighten their grip on political reporting. Leaked files, misinformation, 
and newsroom distrust escalate as SyndiNet races to control the narrative.",anonymous_tip,protest,0.07,4,0.17,True,False,0.38,0.74,0.93
262,"Act 3 Report: Whistleblowers vanish, servers are wiped, and a secret alliance emerges between rival powers. 
The protagonist must choose whether to expose the truth or survive in silence.",independent,celebrity,-0.46,1,0.3,False,False,0.26,0.64,0.77
263,"Act 2 Report: Government protocols tighten their grip on political reporting. Leaked files, misinformation, 
and newsroom distrust escalate as SyndiNet races to control the narrative.",anonymous_tip,celebrity,0.14,8,0.4,False,True,0.21,0.99,1.0
264,"Act 2 Report: Government protocols tighten their grip on political reporting. Leaked files, misinformation, 
and newsroom distrust escalate as SyndiNet races to control the narrative.",independent,health,-0.02,4,0.33,False,True,0.25,0.79,0.96
265,"Act 2 Report: Government protocols tighten their grip on political reporting. Leaked files, misinformation, 
and newsroom distrust escalate as SyndiNet races to control the narrative.",anonymous_tip,protest,0.33,8,0.1,True,False,0.53,0.82,1.0
266,"Act 2 Report: Government protocols tighten their grip on political reporting. Leaked files, misinformation, 
and newsroom distrust escalate as SyndiNet races to control the narrative.",state_media,celebrity,0.11,5,0.44,False,False,0.17,0.86,1.0
267,"Act 3 Report: Whistleblowers vanish, servers are wiped, and a secret alliance emerges between rival powers. 
The protagonist must choose whether to expose the truth or survive in silence.",state_media,military,-0.29,8,0.36,False,True,0.29,0.93,1.0
268,"Act 2 Report: Government protocols tighten their grip on political reporting. Leaked files, misinformation, 
and newsroom distrust escalate as SyndiNet races to control the narrative.",foreign_press,protest,-0.5,5,0.44,True,False,0.31,0.72,0.94
269,"Act 3 Report: Whistleblowers vanish, servers are wiped, and a secret alliance emerges between rival powers. 
The protagonist must choose whether to expose the truth or survive in silence.",anonymous_tip,health,-0.55,7,0.53,False,False,0.21,0.88,1.0
270,"Act 2 Report: Government protocols tighten their grip on political reporting. Leaked files, misinformation, 
and newsroom distrust escalate as SyndiNet races to control the narrative.",anonymous_tip,celebrity,-0.31,4,0.05,True,False,0.05,1.0,1.0
271,"Act 1 Report: The newsroom is overwhelmed as inconsistencies in a major celebrity scandal begin to surface. 
Evidence disappears, timelines blur, and editorial pressure pushes sensationalism over truth.",foreign_press,military,0.58,3,0.14,False,False,0.35,0.73,0.9
272,"Act 3 Report: Whistleblowers vanish, servers are wiped, and a secret alliance emerges between rival powers. 
The protagonist must choose whether to expose the truth or survive in silence.",state_media,military,-0.24,5,0.12,False,False,0.07,1.0,1.0
273,"Act 2 Report: Government protocols tighten their grip on political reporting. Leaked files, misinformation, 
and newsroom distrust escalate as SyndiNet races to control the narrative.",foreign_press,health,-0.1,2,0.1,False,False,0.13,0.93,1.0
274,"Act 1 Report: The newsroom is overwhelmed as inconsistencies in a major celebrity scandal begin to surface. 
Evidence disappears, timelines blur, and editorial pressure pushes sensationalism over truth.",anonymous_tip,health,-0.13,5,0.15,False,False,0.09,1.0,1.0
275,"Act 1 Report: The newsroom is overwhelmed as inconsistencies in a major celebrity scandal begin to surface. 
Evidence disappears, timelines blur, and editorial pressure pushes sensationalism over truth.",anonymous_tip,health,-0.37,5,0.61,False,False,0.04,0.91,1.0
276,"Act 3 Report: Whistleblowers vanish, servers are wiped, and a secret alliance emerges between rival powers. 
The protagonist must choose whether to expose the truth or survive in silence.",anonymous_tip,health,0.17,4,0.12,True,False,0.38,0.76,0.95
277,"Act 1 Report: The newsroom is overwhelmed as inconsistencies in a major celebrity scandal begin to surface. 
Evidence disappears, timelines blur, and editorial pressure pushes sensationalism over truth.",state_media,military,0.16,5,0.08,True,False,0.52,0.69,0.94
278,"Act 2 Report: Government protocols tighten their grip on political reporting. Leaked files, misinformation, 
and newsroom distrust escalate as SyndiNet races to control the narrative.",anonymous_tip,protest,0.1,5,0.11,True,False,0.25,0.94,1.0
279,"Act 1 Report: The newsroom is overwhelmed as inconsistencies in a major celebrity scandal begin to surface. 
Evidence disappears, timelines blur, and editorial pressure pushes sensationalism over truth.",foreign_press,health,-0.02,4,0.09,False,False,0.38,0.77,0.96
280,"Act 3 Report: Whistleblowers vanish, servers are wiped, and a secret alliance emerges between rival powers. 
The protagonist must choose whether to expose the truth or survive in silence.",anonymous_tip,health,0.7,5,0.22,False,False,0.24,0.9,1.0
281,"Act 2 Report: Government protocols tighten their grip on political reporting. Leaked files, misinformation, 
and newsroom distrust escalate as SyndiNet races to control the narrative.",anonymous_tip,politics,-0.03,4,0.48,True,True,0.54,0.42,0.7
282,"Act 2 Report: Government protocols tighten their grip on political reporting. Leaked files, misinformation, 
and newsroom distrust escalate as SyndiNet races to control the narrative.",state_media,economy,0.25,2,0.1,False,False,0.02,1.0,1.0
283,"Act 1 Report: The newsroom is overwhelmed as inconsistencies in a major celebrity scandal begin to surface. 
Evidence disappears, timelines blur, and editorial pressure pushes sensationalism over truth.",state_media,economy,-0.46,5,0.44,False,False,0.47,0.56,0.83
284,"Act 2 Report: Government protocols tighten their grip on political reporting. Leaked files, misinformation, 
and newsroom distrust escalate as SyndiNet races to control the narrative.",foreign_press,health,0.56,7,0.54,False,False,0.18,0.9,1.0
285,"Act 3 Report: Whistleblowers vanish, servers are wiped, and a secret alliance emerges between rival powers. 
The protagonist must choose whether to expose the truth or survive in silence.",anonymous_tip,protest,0.12,6,0.43,False,False,0.42,0.66,0.93
286,"Act 1 Report: The newsroom is overwhelmed as inconsistencies in a major celebrity scandal begin to surface. 
Evidence disappears, timelines blur, and editorial pressure pushes sensationalism over truth.",foreign_press,politics,-0.26,3,0.16,False,False,0.51,0.55,0.78
287,"Act 1 Report: The newsroom is overwhelmed as inconsistencies in a major celebrity scandal begin to surface. 
Evidence disappears, timelines blur, and editorial pressure pushes sensationalism over truth.",state_media,politics,0.61,7,0.49,False,False,0.55,0.56,0.89
288,"Act 3 Report: Whistleblowers vanish, servers are wiped, and a secret alliance emerges between rival powers. 
The protagonist must choose whether to expose the truth or survive in silence.",foreign_press,health,-0.36,2,0.29,False,False,0.14,0.82,0.92
289,"Act 1 Report: The newsroom is overwhelmed as inconsistencies in a major celebrity scandal begin to surface. 
Evidence disappears, timelines blur, and editorial pressure pushes sensationalism over truth.",independent,military,0.23,3,0.44,False,False,0.05,0.88,0.99
290,"Act 1 Report: The newsroom is overwhelmed as inconsistencies in a major celebrity scandal begin to surface. 
Evidence disappears, timelines blur, and editorial pressure pushes sensationalism over truth.",independent,protest,-0.12,6,0.2,True,False,0.24,0.96,1.0
291,"Act 2 Report: Government protocols tighten their grip on political reporting. Leaked files, misinformation, 
and newsroom distrust escalate as SyndiNet races to control the narrative.",state_media,economy,0.24,4,0.19,False,False,0.17,0.94,1.0
292,"Act 1 Report: The newsroom is overwhelmed as inconsistencies in a major celebrity scandal begin to surface. 
Evidence disappears, timelines blur, and editorial pressure pushes sensationalism over truth.",state_media,protest,-0.52,7,0.32,True,False,0.4,0.79,1.0
293,"Act 2 Report: Government protocols tighten their grip on political reporting. Leaked files, misinformation, 
and newsroom distrust escalate as SyndiNet races to control the narrative.",state_media,economy,0.42,8,0.16,True,False,0.07,1.0,1.0
294,"Act 2 Report: Government protocols tighten their grip on political reporting. Leaked files, misinformation, 
and newsroom distrust escalate as SyndiNet races to control the narrative.",foreign_press,economy,-0.84,7,0.41,True,False,0.4,0.74,1.0
295,"Act 2 Report: Government protocols tighten their grip on political reporting. Leaked files, misinformation, 
and newsroom distrust escalate as SyndiNet races to control the narrative.",anonymous_tip,politics,0.59,5,0.07,False,False,0.34,0.88,1.0
296,"Act 3 Report: Whistleblowers vanish, servers are wiped, and a secret alliance emerges between rival powers. 
The protagonist must choose whether to expose the truth or survive in silence.",independent,military,0.67,4,0.57,True,False,0.19,0.72,0.9
297,"Act 2 Report: Government protocols tighten their grip on political reporting. Leaked files, misinformation, 
and newsroom distrust escalate as SyndiNet races to control the narrative.",foreign_press,protest,0.34,3,0.65,False,False,0.06,0.77,0.9
298,"Act 2 Report: Government protocols tighten their grip on political reporting. Leaked files, misinformation, 
and newsroom distrust escalate as SyndiNet races to control the narrative.",foreign_press,politics,0.63,3,0.36,False,True,0.3,0.67,0.85
299,"Act 1 Report: The newsroom is overwhelmed as inconsistencies in a major celebrity scandal begin to surface. 
Evidence disappears, timelines blur, and editorial pressure pushes sensationalism over truth.",foreign_press,politics,-0.32,5,0.33,False,False,0.25,0.83,1.0
300,"Act 3 Report: Whistleblowers vanish, servers are wiped, and a secret alliance emerges between rival powers. 
The protagonist must choose whether to expose the truth or survive in silence.",foreign_press,celebrity,-0.3,3,0.2,False,False,0.23,0.82,0.96
301,"Act 3 Report: Whistleblowers vanish, servers are wiped, and a secret alliance emerges between rival powers. 
The protagonist must choose whether to expose the truth or survive in silence.",foreign_press,economy,0.19,3,0.48,False,False,0.25,0.66,0.83
302,"Act 1 Report: The newsroom is overwhelmed as inconsistencies in a major celebrity scandal begin to surface. 
Evidence disappears, timelines blur, and editorial pressure pushes sensationalism over truth.",anonymous_tip,military,0.07,4,0.32,True,True,0.17,0.87,1.0
303,"Act 3 Report: Whistleblowers vanish, servers are wiped, and a secret alliance emerges between rival powers. 
The protagonist must choose whether to expose the truth or survive in silence.",anonymous_tip,economy,0.12,2,0.27,False,False,0.04,0.93,1.0
304,"Act 1 Report: The newsroom is overwhelmed as inconsistencies in a major celebrity scandal begin to surface. 
Evidence disappears, timelines blur, and editorial pressure pushes sensationalism over truth.",foreign_press,health,-0.22,2,0.01,False,False,0.35,0.75,0.89
305,"Act 3 Report: Whistleblowers vanish, servers are wiped, and a secret alliance emerges between rival powers. 
The protagonist must choose whether to expose the truth or survive in silence.",independent,military,-0.77,2,0.19,False,False,0.41,0.59,0.77
306,"Act 2 Report: Government protocols tighten their grip on political reporting. Leaked files, misinformation, 
and newsroom distrust escalate as SyndiNet races to control the narrative.",state_media,celebrity,-0.15,3,0.05,False,False,0.11,1.0,1.0
307,"Act 1 Report: The newsroom is overwhelmed as inconsistencies in a major celebrity scandal begin to surface. 
Evidence disappears, timelines blur, and editorial pressure pushes sensationalism over truth.",independent,politics,0.65,2,0.24,False,False,0.14,0.84,0.94
308,"Act 2 Report: Government protocols tighten their grip on political reporting. Leaked files, misinformation, 
and newsroom distrust escalate as SyndiNet races to control the narrative.",anonymous_tip,politics,-0.33,5,0.31,False,False,0.37,0.72,0.95
309,"Act 2 Report: Government protocols tighten their grip on political reporting. Leaked files, misinformation, 
and newsroom distrust escalate as SyndiNet races to control the narrative.",state_media,celebrity,-0.09,5,0.47,False,False,0.47,0.55,0.82
310,"Act 3 Report: Whistleblowers vanish, servers are wiped, and a secret alliance emerges between rival powers. 
The protagonist must choose whether to expose the truth or survive in silence.",foreign_press,protest,-0.35,5,0.39,True,False,0.34,0.72,0.94
311,"Act 1 Report: The newsroom is overwhelmed as inconsistencies in a major celebrity scandal begin to surface. 
Evidence disappears, timelines blur, and editorial pressure pushes sensationalism over truth.",state_media,military,-0.36,3,0.4,False,False,0.15,0.8,0.94
312,"Act 1 Report: The newsroom is overwhelmed as inconsistencies in a major celebrity scandal begin to surface. 
Evidence disappears, timelines blur, and editorial pressure pushes sensationalism over truth.",foreign_press,economy,-0.2,7,0.2,True,True,0.11,1.0,1.0
313,"Act 1 Report: The newsroom is overwhelmed as inconsistencies in a major celebrity scandal begin to surface. 
Evidence disappears, timelines blur, and editorial pressure pushes sensationalism over truth.",foreign_press,military,-0.83,8,0.2,True,False,0.16,1.0,1.0
314,"Act 2 Report: Government protocols tighten their grip on political reporting. Leaked files, misinformation, 
and newsroom distrust escalate as SyndiNet races to control the narrative.",state_media,protest,-0.17,2,0.13,True,True,0.12,0.92,1.0
315,"Act 3 Report: Whistleblowers vanish, servers are wiped, and a secret alliance emerges between rival powers. 
The protagonist must choose whether to expose the truth or survive in silence.",foreign_press,protest,-0.07,6,0.18,False,False,0.24,0.97,1.0
316,"Act 3 Report: Whistleblowers vanish, servers are wiped, and a secret alliance emerges between rival powers. 
The protagonist must choose whether to expose the truth or survive in silence.",state_media,protest,-0.05,5,0.39,True,False,0.1,0.96,1.0
317,"Act 2 Report: Government protocols tighten their grip on political reporting. Leaked files, misinformation, 
and newsroom distrust escalate as SyndiNet races to control the narrative.",anonymous_tip,protest,0.35,7,0.19,True,False,0.47,0.78,1.0
318,"Act 2 Report: Government protocols tighten their grip on political reporting. Leaked files, misinformation, 
and newsroom distrust escalate as SyndiNet races to control the narrative.",foreign_press,protest,0.26,4,0.45,True,False,0.71,0.27,0.59
319,"Act 1 Report: The newsroom is overwhelmed as inconsistencies in a major celebrity scandal begin to surface. 
Evidence disappears, timelines blur, and editorial pressure pushes sensationalism over truth.",anonymous_tip,protest,0.48,6,0.21,False,False,0.07,1.0,1.0
320,"Act 1 Report: The newsroom is overwhelmed as inconsistencies in a major celebrity scandal begin to surface. 
Evidence disappears, timelines blur, and editorial pressure pushes sensationalism over truth.",state_media,military,0.45,2,0.19,False,False,0.48,0.53,0.72
321,"Act 3 Report: Whistleblowers vanish, servers are wiped, and a secret alliance emerges between rival powers. 
The protagonist must choose whether to expose the truth or survive in silence.",independent,military,-0.73,5,0.05,False,False,0.39,0.84,1.0
322,"Act 2 Report: Government protocols tighten their grip on political reporting. Leaked files, misinformation, 
and newsroom distrust escalate as SyndiNet races to control the narrative.",independent,politics,0.22,5,0.2,True,False,0.1,1.0,1.0
323,"Act 1 Report: The newsroom is overwhelmed as inconsistencies in a major celebrity scandal begin to surface. 
Evidence disappears, timelines blur, and editorial pressure pushes sensationalism over truth.",anonymous_tip,celebrity,-0.05,5,0.06,False,False,0.47,0.75,0.98
324,"Act 3 Report: Whistleblowers vanish, servers are wiped, and a secret alliance emerges between rival powers. 
The protagonist must choose whether to expose the truth or survive in silence.",anonymous_tip,protest,0.03,1,0.61,False,False,0.17,0.58,0.7
325,"Act 2 Report: Government protocols tighten their grip on political reporting. Leaked files, misinformation, 
and newsroom distrust escalate as SyndiNet races to control the narrative.",independent,protest,0.76,2,0.26,False,False,0.32,0.65,0.8
326,"Act 3 Report: Whistleblowers vanish, servers are wiped, and a secret alliance emerges between rival powers. 
The protagonist must choose whether to expose the truth or survive in silence.",independent,military,-0.56,2,0.32,False,False,0.0,0.94,1.0
327,"Act 2 Report: Government protocols tighten their grip on political reporting. Leaked files, misinformation, 
and newsroom distrust escalate as SyndiNet races to control the narrative.",foreign_press,health,-0.19,3,0.02,False,False,0.68,0.46,0.71
328,"Act 1 Report: The newsroom is overwhelmed as inconsistencies in a major celebrity scandal begin to surface. 
Evidence disappears, timelines blur, and editorial pressure pushes sensationalism over truth.",foreign_press,protest,-0.26,5,0.3,False,False,0.24,0.86,1.0
329,"Act 1 Report: The newsroom is overwhelmed as inconsistencies in a major celebrity scandal begin to surface. 
Evidence disappears, timelines blur, and editorial pressure pushes sensationalism over truth.",independent,health,0.06,4,0.11,False,False,0.36,0.79,0.97
330,"Act 3 Report: Whistleblowers vanish, servers are wiped, and a secret alliance emerges between rival powers. 
The protagonist must choose whether to expose the truth or survive in silence.",foreign_press,protest,-0.28,2,0.07,False,False,0.27,0.8,0.92
331,"Act 1 Report: The newsroom is overwhelmed as inconsistencies in a major celebrity scandal begin to surface. 
Evidence disappears, timelines blur, and editorial pressure pushes sensationalism over truth.",foreign_press,economy,-0.13,2,0.39,False,False,0.29,0.62,0.78
332,"Act 3 Report: Whistleblowers vanish, servers are wiped, and a secret alliance emerges between rival powers. 
The protagonist must choose whether to expose the truth or survive in silence.",state_media,military,0.28,7,0.24,False,False,0.5,0.72,1.0
333,"Act 2 Report: Government protocols tighten their grip on political reporting. Leaked files, misinformation, 
and newsroom distrust escalate as SyndiNet races to control the narrative.",independent,politics,-0.1,4,0.46,False,False,0.57,0.4,0.68
334,"Act 2 Report: Government protocols tighten their grip on political reporting. Leaked files, misinformation, 
and newsroom distrust escalate as SyndiNet races to control the narrative.",state_media,politics,-0.14,2,0.5,False,False,0.42,0.43,0.64
335,"Act 2 Report: Government protocols tighten their grip on political reporting. Leaked files, misinformation, 
and newsroom distrust escalate as SyndiNet races to control the narrative.",independent,health,0.03,5,0.24,False,True,0.82,0.31,0.67
336,"Act 1 Report: The newsroom is overwhelmed as inconsistencies in a major celebrity scandal begin to surface. 
Evidence disappears, timelines blur, and editorial pressure pushes sensationalism over truth.",anonymous_tip,health,0.03,0,0.71,True,False,0.33,0.32,0.49
337,"Act 3 Report: Whistleblowers vanish, servers are wiped, and a secret alliance emerges between rival powers. 
The protagonist must choose whether to expose the truth or survive in silence.",anonymous_tip,economy,-0.5,0,0.48,True,True,0.78,0.0,0.26
338,"Act 2 Report: Government protocols tighten their grip on political reporting. Leaked files, misinformation, 
and newsroom distrust escalate as SyndiNet races to control the narrative.",state_media,military,0.33,2,0.52,False,True,0.49,0.35,0.58
339,"Act 3 Report: Whistleblowers vanish, servers are wiped, and a secret alliance emerges between rival powers. 
The protagonist must choose whether to expose the truth or survive in silence.",state_media,protest,-0.02,0,0.51,False,True,0.12,0.62,0.71
340,"Act 2 Report: Government protocols tighten their grip on political reporting. Leaked files, misinformation, 
and newsroom distrust escalate as SyndiNet races to control the narrative.",anonymous_tip,economy,-0.01,4,0.43,True,False,0.89,0.1,0.47
341,"Act 1 Report: The newsroom is overwhelmed as inconsistencies in a major celebrity scandal begin to surface. 
Evidence disappears, timelines blur, and editorial pressure pushes sensationalism over truth.",foreign_press,celebrity,-0.35,4,0.06,False,True,0.62,0.55,0.81
342,"Act 3 Report: Whistleblowers vanish, servers are wiped, and a secret alliance emerges between rival powers. 
The protagonist must choose whether to expose the truth or survive in silence.",anonymous_tip,economy,-0.48,6,0.37,False,True,0.66,0.45,0.79
343,"Act 2 Report: Government protocols tighten their grip on political reporting. Leaked files, misinformation, 
and newsroom distrust escalate as SyndiNet races to control the narrative.",independent,military,0.11,2,0.81,False,False,0.3,0.4,0.6
344,"Act 3 Report: Whistleblowers vanish, servers are wiped, and a secret alliance emerges between rival powers. 
The protagonist must choose whether to expose the truth or survive in silence.",independent,health,0.01,3,0.59,True,False,0.5,0.35,0.61
345,"Act 2 Report: Government protocols tighten their grip on political reporting. Leaked files, misinformation, 
and newsroom distrust escalate as SyndiNet races to control the narrative.",anonymous_tip,politics,0.53,2,0.43,False,False,0.23,0.65,0.8
346,"Act 1 Report: The newsroom is overwhelmed as inconsistencies in a major celebrity scandal begin to surface. 
Evidence disappears, timelines blur, and editorial pressure pushes sensationalism over truth.",state_media,health,-0.03,4,0.72,True,True,0.28,0.56,0.78
347,"Act 1 Report: The newsroom is overwhelmed as inconsistencies in a major celebrity scandal begin to surface. 
Evidence disappears, timelines blur, and editorial pressure pushes sensationalism over truth.",foreign_press,celebrity,-0.02,4,0.62,True,False,0.81,0.09,0.46
348,"Act 1 Report: The newsroom is overwhelmed as inconsistencies in a major celebrity scandal begin to surface. 
Evidence disappears, timelines blur, and editorial pressure pushes sensationalism over truth.",state_media,military,0.09,4,0.25,True,False,0.47,0.6,0.84
349,"Act 3 Report: Whistleblowers vanish, servers are wiped, and a secret alliance emerges between rival powers. 
The protagonist must choose whether to expose the truth or survive in silence.",state_media,health,0.3,2,0.74,True,True,0.61,0.12,0.41
350,"Act 3 Report: Whistleblowers vanish, servers are wiped, and a secret alliance emerges between rival powers. 
The protagonist must choose whether to expose the truth or survive in silence.",state_media,health,-0.7,6,0.91,False,False,0.58,0.27,0.63
351,"Act 3 Report: Whistleblowers vanish, servers are wiped, and a secret alliance emerges between rival powers. 
The protagonist must choose whether to expose the truth or survive in silence.",independent,politics,-0.49,6,0.44,True,False,0.77,0.31,0.69
352,"Act 3 Report: Whistleblowers vanish, servers are wiped, and a secret alliance emerges between rival powers. 
The protagonist must choose whether to expose the truth or survive in silence.",anonymous_tip,economy,-0.48,5,0.82,False,False,0.77,0.06,0.46
353,"Act 2 Report: Government protocols tighten their grip on political reporting. Leaked files, misinformation, 
and newsroom distrust escalate as SyndiNet races to control the narrative.",state_media,health,-0.35,1,0.42,False,False,0.74,0.1,0.38
354,"Act 3 Report: Whistleblowers vanish, servers are wiped, and a secret alliance emerges between rival powers. 
The protagonist must choose whether to expose the truth or survive in silence.",state_media,protest,0.34,3,0.44,True,False,0.89,0.04,0.4
355,"Act 3 Report: Whistleblowers vanish, servers are wiped, and a secret alliance emerges between rival powers. 
The protagonist must choose whether to expose the truth or survive in silence.",independent,protest,0.15,0,0.51,True,False,0.28,0.47,0.6
356,"Act 1 Report: The newsroom is overwhelmed as inconsistencies in a major celebrity scandal begin to surface. 
Evidence disappears, timelines blur, and editorial pressure pushes sensationalism over truth.",independent,health,-1.0,1,0.42,False,False,0.3,0.54,0.69
357,"Act 3 Report: Whistleblowers vanish, servers are wiped, and a secret alliance emerges between rival powers. 
The protagonist must choose whether to expose the truth or survive in silence.",anonymous_tip,celebrity,-0.58,6,0.52,True,False,0.74,0.3,0.67
358,"Act 3 Report: Whistleblowers vanish, servers are wiped, and a secret alliance emerges between rival powers. 
The protagonist must choose whether to expose the truth or survive in silence.",anonymous_tip,protest,-0.02,2,0.25,False,False,0.57,0.4,0.63
359,"Act 2 Report: Government protocols tighten their grip on political reporting. Leaked files, misinformation, 
and newsroom distrust escalate as SyndiNet races to control the narrative.",state_media,military,-0.59,1,0.48,False,False,0.23,0.58,0.71
360,"Act 2 Report: Government protocols tighten their grip on political reporting. Leaked files, misinformation, 
and newsroom distrust escalate as SyndiNet races to control the narrative.",state_media,military,-0.01,6,0.37,False,True,0.12,0.99,1.0
361,"Act 2 Report: Government protocols tighten their grip on political reporting. Leaked files, misinformation, 
and newsroom distrust escalate as SyndiNet races to control the narrative.",foreign_press,celebrity,0.03,1,0.69,True,False,0.84,0.0,0.2
362,"Act 3 Report: Whistleblowers vanish, servers are wiped, and a secret alliance emerges between rival powers. 
The protagonist must choose whether to expose the truth or survive in silence.",anonymous_tip,economy,0.29,5,0.32,False,False,0.42,0.67,0.91
363,"Act 3 Report: Whistleblowers vanish, servers are wiped, and a secret alliance emerges between rival powers. 
The protagonist must choose whether to expose the truth or survive in silence.",independent,health,-0.17,2,0.36,False,False,0.53,0.39,0.62
364,"Act 2 Report: Government protocols tighten their grip on political reporting. Leaked files, misinformation, 
and newsroom distrust escalate as SyndiNet races to control the narrative.",independent,protest,-0.87,2,0.73,False,True,0.68,0.05,0.36
365,"Act 1 Report: The newsroom is overwhelmed as inconsistencies in a major celebrity scandal begin to surface. 
Evidence disappears, timelines blur, and editorial pressure pushes sensationalism over truth.",anonymous_tip,military,-0.15,7,0.71,False,False,0.27,0.72,0.99
366,"Act 3 Report: Whistleblowers vanish, servers are wiped, and a secret alliance emerges between rival powers. 
The protagonist must choose whether to expose the truth or survive in silence.",independent,politics,-0.49,3,0.36,True,True,0.75,0.22,0.53
367,"Act 1 Report: The newsroom is overwhelmed as inconsistencies in a major celebrity scandal begin to surface. 
Evidence disappears, timelines blur, and editorial pressure pushes sensationalism over truth.",anonymous_tip,celebrity,-0.17,2,0.62,False,False,0.42,0.37,0.59
368,"Act 1 Report: The newsroom is overwhelmed as inconsistencies in a major celebrity scandal begin to surface. 
Evidence disappears, timelines blur, and editorial pressure pushes sensationalism over truth.",state_media,politics,0.4,2,0.3,True,True,0.52,0.43,0.65
369,"Act 2 Report: Government protocols tighten their grip on political reporting. Leaked files, misinformation, 
and newsroom distrust escalate as SyndiNet races to control the narrative.",state_media,politics,-1.0,3,0.67,True,True,0.52,0.29,0.56
370,"Act 3 Report: Whistleblowers vanish, servers are wiped, and a secret alliance emerges between rival powers. 
The protagonist must choose whether to expose the truth or survive in silence.",foreign_press,politics,-0.26,2,0.7,True,False,0.79,0.0,0.3
371,"Act 3 Report: Whistleblowers vanish, servers are wiped, and a secret alliance emerges between rival powers. 
The protagonist must choose whether to expose the truth or survive in silence.",foreign_press,protest,0.23,5,0.46,True,False,0.4,0.62,0.87
372,"Act 1 Report: The newsroom is overwhelmed as inconsistencies in a major celebrity scandal begin to surface. 
Evidence disappears, timelines blur, and editorial pressure pushes sensationalism over truth.",foreign_press,economy,0.16,5,0.71,True,False,0.31,0.58,0.83
373,"Act 2 Report: Government protocols tighten their grip on political reporting. Leaked files, misinformation, 
and newsroom distrust escalate as SyndiNet races to control the narrative.",anonymous_tip,health,-0.66,0,0.54,False,True,0.86,0.0,0.18
374,"Act 2 Report: Government protocols tighten their grip on political reporting. Leaked files, misinformation, 
and newsroom distrust escalate as SyndiNet races to control the narrative.",foreign_press,protest,0.62,2,0.31,False,False,0.71,0.24,0.51
375,"Act 3 Report: Whistleblowers vanish, servers are wiped, and a secret alliance emerges between rival powers. 
The protagonist must choose whether to expose the truth or survive in silence.",anonymous_tip,politics,-0.73,2,0.63,True,True,0.6,0.18,0.46
376,"Act 2 Report: Government protocols tighten their grip on political reporting. Leaked files, misinformation, 
and newsroom distrust escalate as SyndiNet races to control the narrative.",anonymous_tip,celebrity,-0.71,3,0.39,False,False,0.09,0.87,0.98
377,"Act 3 Report: Whistleblowers vanish, servers are wiped, and a secret alliance emerges between rival powers. 
The protagonist must choose whether to expose the truth or survive in silence.",foreign_press,politics,0.35,0,0.62,True,False,0.24,0.45,0.58
378,"Act 1 Report: The newsroom is overwhelmed as inconsistencies in a major celebrity scandal begin to surface. 
Evidence disappears, timelines blur, and editorial pressure pushes sensationalism over truth.",independent,celebrity,0.07,0,0.34,True,False,0.31,0.52,0.65
379,"Act 2 Report: Government protocols tighten their grip on political reporting. Leaked files, misinformation, 
and newsroom distrust escalate as SyndiNet races to control the narrative.",independent,celebrity,-0.22,1,0.28,False,False,0.46,0.45,0.63
380,"Act 1 Report: The newsroom is overwhelmed as inconsistencies in a major celebrity scandal begin to surface. 
Evidence disappears, timelines blur, and editorial pressure pushes sensationalism over truth.",independent,economy,-0.22,1,0.42,False,False,0.31,0.53,0.68
381,"Act 2 Report: Government protocols tighten their grip on political reporting. Leaked files, misinformation, 
and newsroom distrust escalate as SyndiNet races to control the narrative.",state_media,politics,-0.03,0,0.78,False,False,0.78,0.0,0.14
382,"Act 2 Report: Government protocols tighten their grip on political reporting. Leaked files, misinformation, 
and newsroom distrust escalate as SyndiNet races to control the narrative.",independent,economy,-0.67,0,0.24,False,False,0.47,0.4,0.57
383,"Act 3 Report: Whistleblowers vanish, servers are wiped, and a secret alliance emerges between rival powers. 
The protagonist must choose whether to expose the truth or survive in silence.",foreign_press,protest,0.44,5,0.29,True,False,0.24,0.86,1.0
384,"Act 3 Report: Whistleblowers vanish, servers are wiped, and a secret alliance emerges between rival powers. 
The protagonist must choose whether to expose the truth or survive in silence.",anonymous_tip,celebrity,0.39,2,0.35,False,False,0.93,0.0,0.34
385,"Act 1 Report: The newsroom is overwhelmed as inconsistencies in a major celebrity scandal begin to surface. 
Evidence disappears, timelines blur, and editorial pressure pushes sensationalism over truth.",anonymous_tip,military,-0.21,3,0.46,True,False,0.7,0.22,0.53
386,"Act 3 Report: Whistleblowers vanish, servers are wiped, and a secret alliance emerges between rival powers. 
The protagonist must choose whether to expose the truth or survive in silence.",anonymous_tip,military,0.28,2,0.47,True,True,0.69,0.18,0.46
387,"Act 1 Report: The newsroom is overwhelmed as inconsistencies in a major celebrity scandal begin to surface. 
Evidence disappears, timelines blur, and editorial pressure pushes sensationalism over truth.",independent,protest,0.32,3,0.74,True,False,0.18,0.6,0.78
388,"Act 2 Report: Government protocols tighten their grip on political reporting. Leaked files, misinformation, 
and newsroom distrust escalate as SyndiNet races to control the narrative.",anonymous_tip,economy,0.33,1,0.52,True,False,0.17,0.62,0.74
389,"Act 1 Report: The newsroom is overwhelmed as inconsistencies in a major celebrity scandal begin to surface. 
Evidence disappears, timelines blur, and editorial pressure pushes sensationalism over truth.",anonymous_tip,politics,-0.36,5,0.38,True,False,0.4,0.66,0.9
390,"Act 2 Report: Government protocols tighten their grip on political reporting. Leaked files, misinformation, 
and newsroom distrust escalate as SyndiNet races to control the narrative.",state_media,celebrity,0.2,2,0.31,False,False,0.63,0.32,0.57
391,"Act 3 Report: Whistleblowers vanish, servers are wiped, and a secret alliance emerges between rival powers. 
The protagonist must choose whether to expose the truth or survive in silence.",independent,health,0.23,4,0.43,True,False,0.75,0.24,0.57
392,"Act 1 Report: The newsroom is overwhelmed as inconsistencies in a major celebrity scandal begin to surface. 
Evidence disappears, timelines blur, and editorial pressure pushes sensationalism over truth.",anonymous_tip,protest,-0.31,4,0.92,False,True,0.64,0.1,0.45
393,"Act 1 Report: The newsroom is overwhelmed as inconsistencies in a major celebrity scandal begin to surface. 
Evidence disappears, timelines blur, and editorial pressure pushes sensationalism over truth.",state_media,celebrity,0.11,1,0.43,False,True,0.65,0.18,0.44
394,"Act 2 Report: Government protocols tighten their grip on political reporting. Leaked files, misinformation, 
and newsroom distrust escalate as SyndiNet races to control the narrative.",anonymous_tip,protest,-0.05,0,0.47,False,False,0.46,0.31,0.49
395,"Act 1 Report: The newsroom is overwhelmed as inconsistencies in a major celebrity scandal begin to surface. 
Evidence disappears, timelines blur, and editorial pressure pushes sensationalism over truth.",independent,protest,-0.11,1,0.54,True,False,0.53,0.25,0.48
396,"Act 2 Report: Government protocols tighten their grip on political reporting. Leaked files, misinformation, 
and newsroom distrust escalate as SyndiNet races to control the narrative.",anonymous_tip,military,0.69,4,0.26,True,False,0.31,0.76,0.95
397,"Act 1 Report: The newsroom is overwhelmed as inconsistencies in a major celebrity scandal begin to surface. 
Evidence disappears, timelines blur, and editorial pressure pushes sensationalism over truth.",independent,health,-0.06,3,0.58,True,False,0.6,0.26,0.55
398,"Act 3 Report: Whistleblowers vanish, servers are wiped, and a secret alliance emerges between rival powers. 
The protagonist must choose whether to expose the truth or survive in silence.",anonymous_tip,celebrity,-0.26,2,0.62,True,False,0.36,0.43,0.63
399,"Act 2 Report: Government protocols tighten their grip on political reporting. Leaked files, misinformation, 
and newsroom distrust escalate as SyndiNet races to control the narrative.",independent,health,-0.09,3,0.39,True,False,0.72,0.23,0.54
400,"Act 2 Report: Government protocols tighten their grip on political reporting. Leaked files, misinformation, 
and newsroom distrust escalate as SyndiNet races to control the narrative.",state_media,protest,-0.07,3,0.68,True,False,0.44,0.37,0.62
401,"Act 3 Report: Whistleblowers vanish, servers are wiped, and a secret alliance emerges between rival powers. 
The protagonist must choose whether to expose the truth or survive in silence.",state_media,military,0.34,3,0.71,False,False,0.18,0.62,0.79
402,"Act 2 Report: Government protocols tighten their grip on political reporting. Leaked files, misinformation, 
and newsroom distrust escalate as SyndiNet races to control the narrative.",foreign_press,politics,-0.26,0,0.53,True,True,0.76,0.0,0.25
403,"Act 1 Report: The newsroom is overwhelmed as inconsistencies in a major celebrity scandal begin to surface. 
Evidence disappears, timelines blur, and editorial pressure pushes sensationalism over truth.",foreign_press,celebrity,-0.91,4,0.63,True,True,0.42,0.47,0.72
404,"Act 2 Report: Government protocols tighten their grip on political reporting. Leaked files, misinformation, 
and newsroom distrust escalate as SyndiNet races to control the narrative.",independent,economy,-0.14,2,0.58,False,False,0.59,0.22,0.49
405,"Act 3 Report: Whistleblowers vanish, servers are wiped, and a secret alliance emerges between rival powers. 
The protagonist must choose whether to expose the truth or survive in silence.",state_media,celebrity,0.01,3,0.62,True,False,0.29,0.55,0.75
406,"Act 1 Report: The newsroom is overwhelmed as inconsistencies in a major celebrity scandal begin to surface. 
Evidence disappears, timelines blur, and editorial pressure pushes sensationalism over truth.",state_media,military,-0.79,2,0.54,False,False,0.15,0.68,0.81
407,"Act 3 Report: Whistleblowers vanish, servers are wiped, and a secret alliance emerges between rival powers. 
The protagonist must choose whether to expose the truth or survive in silence.",foreign_press,politics,-0.21,3,0.2,False,False,0.68,0.37,0.65
408,"Act 2 Report: Government protocols tighten their grip on political reporting. Leaked files, misinformation, 
and newsroom distrust escalate as SyndiNet races to control the narrative.",foreign_press,celebrity,-0.51,1,0.16,False,False,0.17,0.8,0.88
409,"Act 1 Report: The newsroom is overwhelmed as inconsistencies in a major celebrity scandal begin to surface. 
Evidence disappears, timelines blur, and editorial pressure pushes sensationalism over truth.",anonymous_tip,politics,-0.26,2,0.53,False,False,0.69,0.15,0.44
410,"Act 3 Report: Whistleblowers vanish, servers are wiped, and a secret alliance emerges between rival powers. 
The protagonist must choose whether to expose the truth or survive in silence.",state_media,military,-0.13,5,0.65,True,False,0.55,0.37,0.69
411,"Act 1 Report: The newsroom is overwhelmed as inconsistencies in a major celebrity scandal begin to surface. 
Evidence disappears, timelines blur, and editorial pressure pushes sensationalism over truth.",state_media,military,-0.27,3,0.5,True,True,0.28,0.62,0.8
412,"Act 3 Report: Whistleblowers vanish, servers are wiped, and a secret alliance emerges between rival powers. 
The protagonist must choose whether to expose the truth or survive in silence.",state_media,celebrity,-0.19,0,0.48,True,False,0.35,0.41,0.57
413,"Act 2 Report: Government protocols tighten their grip on political reporting. Leaked files, misinformation, 
and newsroom distrust escalate as SyndiNet races to control the narrative.",state_media,economy,-0.35,2,0.64,True,False,0.4,0.38,0.6
414,"Act 1 Report: The newsroom is overwhelmed as inconsistencies in a major celebrity scandal begin to surface. 
Evidence disappears, timelines blur, and editorial pressure pushes sensationalism over truth.",independent,protest,-0.47,5,0.25,False,True,0.59,0.54,0.82
415,"Act 2 Report: Government protocols tighten their grip on political reporting. Leaked files, misinformation, 
and newsroom distrust escalate as SyndiNet races to control the narrative.",anonymous_tip,military,0.21,0,0.4,True,True,0.39,0.41,0.57
416,"Act 2 Report: Government protocols tighten their grip on political reporting. Leaked files, misinformation, 
and newsroom distrust escalate as SyndiNet races to control the narrative.",anonymous_tip,military,0.19,0,0.59,False,False,0.72,0.0,0.26
417,"Act 1 Report: The newsroom is overwhelmed as inconsistencies in a major celebrity scandal begin to surface. 
Evidence disappears, timelines blur, and editorial pressure pushes sensationalism over truth.",independent,protest,0.32,0,0.47,True,True,0.41,0.36,0.53
418,"Act 1 Report: The newsroom is overwhelmed as inconsistencies in a major celebrity scandal begin to surface. 
Evidence disappears, timelines blur, and editorial pressure pushes sensationalism over truth.",anonymous_tip,military,-0.2,2,0.56,False,False,0.34,0.48,0.67
419,"Act 2 Report: Government protocols tighten their grip on political reporting. Leaked files, misinformation, 
and newsroom distrust escalate as SyndiNet races to control the narrative.",independent,health,-0.76,3,0.58,True,False,0.6,0.27,0.55
420,"Act 3 Report: Whistleblowers vanish, servers are wiped, and a secret alliance emerges between rival powers. 
The protagonist must choose whether to expose the truth or survive in silence.",independent,military,-0.81,2,0.52,False,False,0.41,0.43,0.64
421,"Act 3 Report: Whistleblowers vanish, servers are wiped, and a secret alliance emerges between rival powers. 
The protagonist must choose whether to expose the truth or survive in silence.",independent,protest,-0.14,4,0.51,True,True,0.31,0.63,0.85
422,"Act 3 Report: Whistleblowers vanish, servers are wiped, and a secret alliance emerges between rival powers. 
The protagonist must choose whether to expose the truth or survive in silence.",independent,celebrity,0.36,4,0.51,False,False,0.82,0.13,0.49
423,"Act 1 Report: The newsroom is overwhelmed as inconsistencies in a major celebrity scandal begin to surface. 
Evidence disappears, timelines blur, and editorial pressure pushes sensationalism over truth.",anonymous_tip,health,0.33,0,0.7,False,True,0.76,0.0,0.19
424,"Act 1 Report: The newsroom is overwhelmed as inconsistencies in a major celebrity scandal begin to surface. 
Evidence disappears, timelines blur, and editorial pressure pushes sensationalism over truth.",anonymous_tip,economy,-0.23,4,0.64,True,False,0.73,0.15,0.5
425,"Act 1 Report: The newsroom is overwhelmed as inconsistencies in a major celebrity scandal begin to surface. 
Evidence disappears, timelines blur, and editorial pressure pushes sensationalism over truth.",anonymous_tip,health,0.18,3,0.28,False,True,0.52,0.49,0.73
426,"Act 2 Report: Government protocols tighten their grip on political reporting. Leaked files, misinformation, 
and newsroom distrust escalate as SyndiNet races to control the narrative.",anonymous_tip,protest,0.3,0,0.57,False,False,0.83,0.0,0.19
427,"Act 1 Report: The newsroom is overwhelmed as inconsistencies in a major celebrity scandal begin to surface. 
Evidence disappears, timelines blur, and editorial pressure pushes sensationalism over truth.",state_media,military,0.02,3,0.68,True,True,0.68,0.13,0.45
428,"Act 2 Report: Government protocols tighten their grip on political reporting. Leaked files, misinformation, 
and newsroom distrust escalate as SyndiNet races to control the narrative.",state_media,health,-0.24,2,0.62,False,False,0.4,0.39,0.6
429,"Act 1 Report: The newsroom is overwhelmed as inconsistencies in a major celebrity scandal begin to surface. 
Evidence disappears, timelines blur, and editorial pressure pushes sensationalism over truth.",state_media,economy,-0.44,3,0.84,True,True,0.63,0.11,0.43
430,"Act 2 Report: Government protocols tighten their grip on political reporting. Leaked files, misinformation, 
and newsroom distrust escalate as SyndiNet races to control the narrative.",foreign_press,economy,-0.06,3,0.38,True,False,0.47,0.49,0.72
431,"Act 2 Report: Government protocols tighten their grip on political reporting. Leaked files, misinformation, 
and newsroom distrust escalate as SyndiNet races to control the narrative.",state_media,military,-0.1,0,0.66,True,True,0.82,0.0,0.16
432,"Act 2 Report: Government protocols tighten their grip on political reporting. Leaked files, misinformation, 
and newsroom distrust escalate as SyndiNet races to control the narrative.",independent,health,-0.99,4,0.16,True,False,0.26,0.86,1.0
433,"Act 1 Report: The newsroom is overwhelmed as inconsistencies in a major celebrity scandal begin to surface. 
Evidence disappears, timelines blur, and editorial pressure pushes sensationalism over truth.",anonymous_tip,military,-0.06,7,0.93,True,False,0.48,0.41,0.76
434,"Act 2 Report: Government protocols tighten their grip on political reporting. Leaked files, misinformation, 
and newsroom distrust escalate as SyndiNet races to control the narrative.",foreign_press,celebrity,0.05,6,0.67,True,False,0.54,0.42,0.75
435,"Act 1 Report: The newsroom is overwhelmed as inconsistencies in a major celebrity scandal begin to surface. 
Evidence disappears, timelines blur, and editorial pressure pushes sensationalism over truth.",state_media,health,-0.43,1,0.09,False,True,0.36,0.64,0.78
436,"Act 1 Report: The newsroom is overwhelmed as inconsistencies in a major celebrity scandal begin to surface. 
Evidence disappears, timelines blur, and editorial pressure pushes sensationalism over truth.",independent,protest,-0.33,3,0.26,True,False,0.78,0.24,0.55
437,"Act 2 Report: Government protocols tighten their grip on political reporting. Leaked files, misinformation, 
and newsroom distrust escalate as SyndiNet races to control the narrative.",independent,economy,-1.0,1,0.31,True,False,0.68,0.22,0.47
438,"Act 3 Report: Whistleblowers vanish, servers are wiped, and a secret alliance emerges between rival powers. 
The protagonist must choose whether to expose the truth or survive in silence.",independent,health,-0.08,3,0.67,True,False,0.49,0.33,0.59
439,"Act 2 Report: Government protocols tighten their grip on political reporting. Leaked files, misinformation, 
and newsroom distrust escalate as SyndiNet races to control the narrative.",foreign_press,politics,-0.12,3,0.23,False,False,0.62,0.41,0.67
440,"Act 1 Report: The newsroom is overwhelmed as inconsistencies in a major celebrity scandal begin to surface. 
Evidence disappears, timelines blur, and editorial pressure pushes sensationalism over truth.",independent,protest,-0.07,4,0.57,True,True,0.46,0.46,0.72
441,"Act 1 Report: The newsroom is overwhelmed as inconsistencies in a major celebrity scandal begin to surface. 
Evidence disappears, timelines blur, and editorial pressure pushes sensationalism over truth.",anonymous_tip,health,-0.15,0,0.55,False,False,0.25,0.47,0.6
442,"Act 3 Report: Whistleblowers vanish, servers are wiped, and a secret alliance emerges between rival powers. 
The protagonist must choose whether to expose the truth or survive in silence.",anonymous_tip,protest,-0.96,2,0.31,False,False,0.69,0.25,0.53
443,"Act 3 Report: Whistleblowers vanish, servers are wiped, and a secret alliance emerges between rival powers. 
The protagonist must choose whether to expose the truth or survive in silence.",foreign_press,health,0.37,1,0.23,False,False,0.67,0.26,0.5
444,"Act 1 Report: The newsroom is overwhelmed as inconsistencies in a major celebrity scandal begin to surface. 
Evidence disappears, timelines blur, and editorial pressure pushes sensationalism over truth.",independent,celebrity,-0.51,5,0.45,True,True,0.38,0.64,0.89
445,"Act 2 Report: Government protocols tighten their grip on political reporting. Leaked files, misinformation, 
and newsroom distrust escalate as SyndiNet races to control the narrative.",independent,economy,-0.51,0,0.77,False,False,0.26,0.36,0.51
446,"Act 2 Report: Government protocols tighten their grip on political reporting. Leaked files, misinformation, 
and newsroom distrust escalate as SyndiNet races to control the narrative.",independent,protest,-0.25,6,0.74,True,True,0.57,0.36,0.71
447,"Act 3 Report: Whistleblowers vanish, servers are wiped, and a secret alliance emerges between rival powers. 
The protagonist must choose whether to expose the truth or survive in silence.",state_media,protest,0.31,3,0.37,False,False,0.44,0.52,0.74
448,"Act 2 Report: Government protocols tighten their grip on political reporting. Leaked files, misinformation, 
and newsroom distrust escalate as SyndiNet races to control the narrative.",anonymous_tip,politics,-0.08,0,0.5,False,False,0.52,0.23,0.43
449,"Act 2 Report: Government protocols tighten their grip on political reporting. Leaked files, misinformation, 
and newsroom distrust escalate as SyndiNet races to control the narrative.",anonymous_tip,health,-0.5,2,0.65,True,False,0.55,0.22,0.49
450,"Act 1 Report: The newsroom is overwhelmed as inconsistencies in a major celebrity scandal begin to surface. 
Evidence disappears, timelines blur, and editorial pressure pushes sensationalism over truth.",state_media,celebrity,-0.93,1,0.28,False,True,0.46,0.45,0.63
451,"Act 1 Report: The newsroom is overwhelmed as inconsistencies in a major celebrity scandal begin to surface. 
Evidence disappears, timelines blur, and editorial pressure pushes sensationalism over truth.",foreign_press,politics,-0.59,0,0.54,True,False,0.62,0.11,0.35
452,"Act 1 Report: The newsroom is overwhelmed as inconsistencies in a major celebrity scandal begin to surface. 
Evidence disappears, timelines blur, and editorial pressure pushes sensationalism over truth.",state_media,protest,-0.39,3,0.84,True,False,0.52,0.21,0.5
453,"Act 1 Report: The newsroom is overwhelmed as inconsistencies in a major celebrity scandal begin to surface. 
Evidence disappears, timelines blur, and editorial pressure pushes sensationalism over truth.",anonymous_tip,health,-1.0,2,0.85,False,False,0.04,0.63,0.76
454,"Act 3 Report: Whistleblowers vanish, servers are wiped, and a secret alliance emerges between rival powers. 
The protagonist must choose whether to expose the truth or survive in silence.",state_media,military,-0.1,0,0.32,True,False,0.33,0.51,0.64
455,"Act 3 Report: Whistleblowers vanish, servers are wiped, and a secret alliance emerges between rival powers. 
The protagonist must choose whether to expose the truth or survive in silence.",independent,celebrity,-1.0,1,0.35,True,False,0.19,0.69,0.79
456,"Act 3 Report: Whistleblowers vanish, servers are wiped, and a secret alliance emerges between rival powers. 
The protagonist must choose whether to expose the truth or survive in silence.",independent,politics,0.02,2,0.2,False,False,0.2,0.8,0.91
457,"Act 3 Report: Whistleblowers vanish, servers are wiped, and a secret alliance emerges between rival powers. 
The protagonist must choose whether to expose the truth or survive in silence.",foreign_press,protest,0.27,3,0.22,False,True,0.6,0.44,0.69
458,"Act 3 Report: Whistleblowers vanish, servers are wiped, and a secret alliance emerges between rival powers. 
The protagonist must choose whether to expose the truth or survive in silence.",foreign_press,protest,0.0,1,0.09,False,False,0.58,0.42,0.62
459,"Act 1 Report: The newsroom is overwhelmed as inconsistencies in a major celebrity scandal begin to surface. 
Evidence disappears, timelines blur, and editorial pressure pushes sensationalism over truth.",state_media,economy,0.08,0,0.48,False,False,0.62,0.14,0.38
460,"Act 1 Report: The newsroom is overwhelmed as inconsistencies in a major celebrity scandal begin to surface. 
Evidence disappears, timelines blur, and editorial pressure pushes sensationalism over truth.",independent,politics,-0.11,5,0.21,False,False,0.68,0.47,0.78
461,"Act 2 Report: Government protocols tighten their grip on political reporting. Leaked files, misinformation, 
and newsroom distrust escalate as SyndiNet races to control the narrative.",foreign_press,politics,0.1,2,0.42,False,False,0.21,0.68,0.82
462,"Act 1 Report: The newsroom is overwhelmed as inconsistencies in a major celebrity scandal begin to surface. 
Evidence disappears, timelines blur, and editorial pressure pushes sensationalism over truth.",foreign_press,economy,-0.25,1,0.44,False,False,0.57,0.26,0.49
463,"Act 3 Report: Whistleblowers vanish, servers are wiped, and a secret alliance emerges between rival powers. 
The protagonist must choose whether to expose the truth or survive in silence.",state_media,military,0.64,0,0.52,False,False,0.4,0.34,0.51
464,"Act 2 Report: Government protocols tighten their grip on political reporting. Leaked files, misinformation, 
and newsroom distrust escalate as SyndiNet races to control the narrative.",foreign_press,health,0.0,2,0.28,False,False,0.86,0.1,0.42
465,"Act 1 Report: The newsroom is overwhelmed as inconsistencies in a major celebrity scandal begin to surface. 
Evidence disappears, timelines blur, and editorial pressure pushes sensationalism over truth.",independent,economy,-0.59,1,0.67,True,False,0.56,0.15,0.4
466,"Act 1 Report: The newsroom is overwhelmed as inconsistencies in a major celebrity scandal begin to surface. 
Evidence disappears, timelines blur, and editorial pressure pushes sensationalism over truth.",independent,protest,-0.45,4,0.54,False,False,0.52,0.41,0.69
467,"Act 2 Report: Government protocols tighten their grip on political reporting. Leaked files, misinformation, 
and newsroom distrust escalate as SyndiNet races to control the narrative.",state_media,celebrity,-0.65,5,0.58,False,False,0.8,0.16,0.54
468,"Act 2 Report: Government protocols tighten their grip on political reporting. Leaked files, misinformation, 
and newsroom distrust escalate as SyndiNet races to control the narrative.",anonymous_tip,politics,-0.44,4,0.76,True,False,0.77,0.05,0.43
469,"Act 1 Report: The newsroom is overwhelmed as inconsistencies in a major celebrity scandal begin to surface. 
Evidence disappears, timelines blur, and editorial pressure pushes sensationalism over truth.",independent,health,-0.01,1,0.18,False,False,0.6,0.36,0.57
470,"Act 2 Report: Government protocols tighten their grip on political reporting. Leaked files, misinformation, 
and newsroom distrust escalate as SyndiNet races to control the narrative.",foreign_press,health,-0.46,3,0.76,True,False,0.16,0.61,0.78
471,"Act 1 Report: The newsroom is overwhelmed as inconsistencies in a major celebrity scandal begin to surface. 
Evidence disappears, timelines blur, and editorial pressure pushes sensationalism over truth.",foreign_press,economy,-0.04,4,0.58,False,False,0.68,0.23,0.56
472,"Act 2 Report: Government protocols tighten their grip on political reporting. Leaked files, misinformation, 
and newsroom distrust escalate as SyndiNet races to control the narrative.",state_media,health,-0.44,7,0.41,True,False,0.28,0.87,1.0
473,"Act 2 Report: Government protocols tighten their grip on political reporting. Leaked files, misinformation, 
and newsroom distrust escalate as SyndiNet races to control the narrative.",anonymous_tip,protest,0.2,4,0.05,True,False,0.5,0.68,0.9
474,"Act 1 Report: The newsroom is overwhelmed as inconsistencies in a major celebrity scandal begin to surface. 
Evidence disappears, timelines blur, and editorial pressure pushes sensationalism over truth.",independent,health,-0.44,2,0.64,True,True,0.46,0.32,0.56
475,"Act 2 Report: Government protocols tighten their grip on political reporting. Leaked files, misinformation, 
and newsroom distrust escalate as SyndiNet races to control the narrative.",foreign_press,celebrity,0.14,0,0.51,True,True,0.52,0.23,0.43
476,"Act 1 Report: The newsroom is overwhelmed as inconsistencies in a major celebrity scandal begin to surface. 
Evidence disappears, timelines blur, and editorial pressure pushes sensationalism over truth.",independent,health,-0.01,5,0.31,True,False,0.36,0.73,0.95
477,"Act 1 Report: The newsroom is overwhelmed as inconsistencies in a major celebrity scandal begin to surface. 
Evidence disappears, timelines blur, and editorial pressure pushes sensationalism over truth.",foreign_press,economy,0.02,4,0.4,False,False,0.44,0.56,0.8
478,"Act 1 Report: The newsroom is overwhelmed as inconsistencies in a major celebrity scandal begin to surface. 
Evidence disappears, timelines blur, and editorial pressure pushes sensationalism over truth.",anonymous_tip,protest,-0.34,0,0.82,False,True,0.54,0.05,0.29
479,"Act 1 Report: The newsroom is overwhelmed as inconsistencies in a major celebrity scandal begin to surface. 
Evidence disappears, timelines blur, and editorial pressure pushes sensationalism over truth.",anonymous_tip,celebrity,-0.16,2,0.61,True,False,0.32,0.47,0.66
480,"Act 2 Report: Government protocols tighten their grip on political reporting. Leaked files, misinformation, 
and newsroom distrust escalate as SyndiNet races to control the narrative.",state_media,military,-0.34,4,0.25,True,False,0.48,0.59,0.83
481,"Act 3 Report: Whistleblowers vanish, servers are wiped, and a secret alliance emerges between rival powers. 
The protagonist must choose whether to expose the truth or survive in silence.",state_media,health,-0.97,1,0.34,False,False,0.5,0.38,0.58
482,"Act 1 Report: The newsroom is overwhelmed as inconsistencies in a major celebrity scandal begin to surface. 
Evidence disappears, timelines blur, and editorial pressure pushes sensationalism over truth.",independent,protest,0.26,3,0.63,False,True,0.18,0.66,0.82
483,"Act 3 Report: Whistleblowers vanish, servers are wiped, and a secret alliance emerges between rival powers. 
The protagonist must choose whether to expose the truth or survive in silence.",anonymous_tip,economy,0.28,6,0.46,True,False,0.56,0.51,0.83
484,"Act 3 Report: Whistleblowers vanish, servers are wiped, and a secret alliance emerges between rival powers. 
The protagonist must choose whether to expose the truth or survive in silence.",state_media,protest,-0.07,5,0.6,False,False,0.33,0.63,0.87
485,"Act 1 Report: The newsroom is overwhelmed as inconsistencies in a major celebrity scandal begin to surface. 
Evidence disappears, timelines blur, and editorial pressure pushes sensationalism over truth.",anonymous_tip,protest,-0.68,3,0.29,True,False,0.65,0.35,0.63
486,"Act 1 Report: The newsroom is overwhelmed as inconsistencies in a major celebrity scandal begin to surface. 
Evidence disappears, timelines blur, and editorial pressure pushes sensationalism over truth.",state_media,celebrity,-0.04,1,0.48,True,True,0.24,0.57,0.71
487,"Act 3 Report: Whistleblowers vanish, servers are wiped, and a secret alliance emerges between rival powers. 
The protagonist must choose whether to expose the truth or survive in silence.",foreign_press,protest,-0.58,0,0.2,False,False,0.56,0.34,0.53
488,"Act 3 Report: Whistleblowers vanish, servers are wiped, and a secret alliance emerges between rival powers. 
The protagonist must choose whether to expose the truth or survive in silence.",anonymous_tip,health,0.06,2,0.19,True,False,0.62,0.38,0.62
489,"Act 3 Report: Whistleblowers vanish, servers are wiped, and a secret alliance emerges between rival powers. 
The protagonist must choose whether to expose the truth or survive in silence.",state_media,military,-0.06,1,0.29,True,False,0.5,0.4,0.6
490,"Act 1 Report: The newsroom is overwhelmed as inconsistencies in a major celebrity scandal begin to surface. 
Evidence disappears, timelines blur, and editorial pressure pushes sensationalism over truth.",foreign_press,protest,-0.22,1,0.39,True,False,0.71,0.14,0.41
491,"Act 2 Report: Government protocols tighten their grip on political reporting. Leaked files, misinformation, 
and newsroom distrust escalate as SyndiNet races to control the narrative.",anonymous_tip,health,0.1,1,0.58,False,False,0.15,0.61,0.73
492,"Act 2 Report: Government protocols tighten their grip on political reporting. Leaked files, misinformation, 
and newsroom distrust escalate as SyndiNet races to control the narrative.",anonymous_tip,celebrity,-0.05,4,0.49,True,False,0.57,0.38,0.67
493,"Act 1 Report: The newsroom is overwhelmed as inconsistencies in a major celebrity scandal begin to surface. 
Evidence disappears, timelines blur, and editorial pressure pushes sensationalism over truth.",independent,health,-0.23,2,0.29,True,False,0.16,0.79,0.9
494,"Act 1 Report: The newsroom is overwhelmed as inconsistencies in a major celebrity scandal begin to surface. 
Evidence disappears, timelines blur, and editorial pressure pushes sensationalism over truth.",foreign_press,economy,0.12,1,0.79,False,False,0.68,0.0,0.27
495,"Act 2 Report: Government protocols tighten their grip on political reporting. Leaked files, misinformation, 
and newsroom distrust escalate as SyndiNet races to control the narrative.",independent,military,-0.44,2,0.7,False,False,0.39,0.36,0.58
496,"Act 3 Report: Whistleblowers vanish, servers are wiped, and a secret alliance emerges between rival powers. 
The protagonist must choose whether to expose the truth or survive in silence.",anonymous_tip,military,0.13,4,0.55,True,True,0.72,0.2,0.54
497,"Act 3 Report: Whistleblowers vanish, servers are wiped, and a secret alliance emerges between rival powers. 
The protagonist must choose whether to expose the truth or survive in silence.",anonymous_tip,economy,-0.63,2,0.4,False,True,0.46,0.44,0.65
498,"Act 3 Report: Whistleblowers vanish, servers are wiped, and a secret alliance emerges between rival powers. 
The protagonist must choose whether to expose the truth or survive in silence.",independent,military,0.32,6,0.42,True,True,0.51,0.57,0.87
499,"Act 2 Report: Government protocols tighten their grip on political reporting. Leaked files, misinformation, 
and newsroom distrust escalate as SyndiNet races to control the narrative.",state_media,politics,-0.0,1,0.46,True,False,0.41,0.41,0.59
500,"Act 1 Report: The newsroom is overwhelmed as inconsistencies in a major celebrity scandal begin to surface. 
Evidence disappears, timelines blur, and editorial pressure pushes sensationalism over truth.",foreign_press,economy,-0.32,2,0.57,True,True,0.67,0.15,0.44
501,"Act 1 Report: The newsroom is overwhelmed as inconsistencies in a major celebrity scandal begin to surface. 
Evidence disappears, timelines blur, and editorial pressure pushes sensationalism over truth.",foreign_press,politics,0.3,4,0.55,True,False,0.52,0.4,0.68
502,"Act 2 Report: Government protocols tighten their grip on political reporting. Leaked files, misinformation, 
and newsroom distrust escalate as SyndiNet races to control the narrative.",foreign_press,celebrity,-1.0,0,0.19,True,False,0.85,0.05,0.33
503,"Act 3 Report: Whistleblowers vanish, servers are wiped, and a secret alliance emerges between rival powers. 
The protagonist must choose whether to expose the truth or survive in silence.",state_media,politics,-0.21,3,0.47,False,True,0.64,0.28,0.57
504,"Act 1 Report: The newsroom is overwhelmed as inconsistencies in a major celebrity scandal begin to surface. 
Evidence disappears, timelines blur, and editorial pressure pushes sensationalism over truth.",foreign_press,military,-0.58,1,0.81,True,False,0.53,0.12,0.37
505,"Act 1 Report: The newsroom is overwhelmed as inconsistencies in a major celebrity scandal begin to surface. 
Evidence disappears, timelines blur, and editorial pressure pushes sensationalism over truth.",foreign_press,military,0.47,0,0.56,False,True,0.25,0.47,0.6
506,"Act 2 Report: Government protocols tighten their grip on political reporting. Leaked files, misinformation, 
and newsroom distrust escalate as SyndiNet races to control the narrative.",independent,politics,0.24,0,0.21,True,False,0.52,0.38,0.55
507,"Act 1 Report: The newsroom is overwhelmed as inconsistencies in a major celebrity scandal begin to surface. 
Evidence disappears, timelines blur, and editorial pressure pushes sensationalism over truth.",foreign_press,protest,-0.58,0,0.2,False,False,0.5,0.4,0.57
508,"Act 1 Report: The newsroom is overwhelmed as inconsistencies in a major celebrity scandal begin to surface. 
Evidence disappears, timelines blur, and editorial pressure pushes sensationalism over truth.",anonymous_tip,celebrity,0.31,0,0.54,False,False,0.4,0.33,0.51
509,"Act 3 Report: Whistleblowers vanish, servers are wiped, and a secret alliance emerges between rival powers. 
The protagonist must choose whether to expose the truth or survive in silence.",independent,protest,-0.39,3,0.52,True,False,0.27,0.62,0.8
510,"Act 3 Report: Whistleblowers vanish, servers are wiped, and a secret alliance emerges between rival powers. 
The protagonist must choose whether to expose the truth or survive in silence.",state_media,celebrity,0.27,3,0.32,False,False,0.59,0.4,0.66
511,"Act 2 Report: Government protocols tighten their grip on political reporting. Leaked files, misinformation, 
and newsroom distrust escalate as SyndiNet races to control the narrative.",foreign_press,health,-1.0,3,0.87,True,False,0.45,0.27,0.54
512,"Act 3 Report: Whistleblowers vanish, servers are wiped, and a secret alliance emerges between rival powers. 
The protagonist must choose whether to expose the truth or survive in silence.",independent,protest,0.18,3,0.79,False,False,0.6,0.16,0.47
513,"Act 3 Report: Whistleblowers vanish, servers are wiped, and a secret alliance emerges between rival powers. 
The protagonist must choose whether to expose the truth or survive in silence.",independent,economy,-0.03,1,0.69,True,True,0.55,0.15,0.4
514,"Act 1 Report: The newsroom is overwhelmed as inconsistencies in a major celebrity scandal begin to surface. 
Evidence disappears, timelines blur, and editorial pressure pushes sensationalism over truth.",foreign_press,health,-0.36,3,0.66,True,True,0.83,0.0,0.35
515,"Act 1 Report: The newsroom is overwhelmed as inconsistencies in a major celebrity scandal begin to surface. 
Evidence disappears, timelines blur, and editorial pressure pushes sensationalism over truth.",state_media,politics,0.07,3,0.8,True,True,0.46,0.29,0.56
516,"Act 2 Report: Government protocols tighten their grip on political reporting. Leaked files, misinformation, 
and newsroom distrust escalate as SyndiNet races to control the narrative.",state_media,economy,-0.59,3,0.91,False,False,0.77,0.0,0.3
517,"Act 1 Report: The newsroom is overwhelmed as inconsistencies in a major celebrity scandal begin to surface. 
Evidence disappears, timelines blur, and editorial pressure pushes sensationalism over truth.",anonymous_tip,military,-1.0,2,0.33,True,True,0.81,0.12,0.43
518,"Act 3 Report: Whistleblowers vanish, servers are wiped, and a secret alliance emerges between rival powers. 
The protagonist must choose whether to expose the truth or survive in silence.",state_media,health,-0.27,1,0.35,True,False,0.14,0.74,0.83
519,"Act 2 Report: Government protocols tighten their grip on political reporting. Leaked files, misinformation, 
and newsroom distrust escalate as SyndiNet races to control the narrative.",independent,health,-0.22,1,0.49,False,False,0.4,0.4,0.59
520,"Act 2 Report: Government protocols tighten their grip on political reporting. Leaked files, misinformation, 
and newsroom distrust escalate as SyndiNet races to control the narrative.",independent,military,-0.37,0,0.5,True,False,0.37,0.38,0.54
521,"Act 3 Report: Whistleblowers vanish, servers are wiped, and a secret alliance emerges between rival powers. 
The protagonist must choose whether to expose the truth or survive in silence.",anonymous_tip,celebrity,-0.31,2,0.29,True,False,0.41,0.55,0.73
522,"Act 2 Report: Government protocols tighten their grip on political reporting. Leaked files, misinformation, 
and newsroom distrust escalate as SyndiNet races to control the narrative.",independent,celebrity,-0.62,2,0.44,True,False,0.66,0.22,0.5
523,"Act 1 Report: The newsroom is overwhelmed as inconsistencies in a major celebrity scandal begin to surface. 
Evidence disappears, timelines blur, and editorial pressure pushes sensationalism over truth.",foreign_press,protest,-0.5,3,0.61,False,True,0.84,0.0,0.37
524,"Act 3 Report: Whistleblowers vanish, servers are wiped, and a secret alliance emerges between rival powers. 
The protagonist must choose whether to expose the truth or survive in silence.",anonymous_tip,health,-0.41,3,0.93,False,True,0.37,0.32,0.57
525,"Act 1 Report: The newsroom is overwhelmed as inconsistencies in a major celebrity scandal begin to surface. 
Evidence disappears, timelines blur, and editorial pressure pushes sensationalism over truth.",anonymous_tip,celebrity,0.15,4,0.54,True,False,0.63,0.3,0.61
526,"Act 2 Report: Government protocols tighten their grip on political reporting. Leaked files, misinformation, 
and newsroom distrust escalate as SyndiNet races to control the narrative.",state_media,economy,-0.12,2,0.61,True,False,0.67,0.12,0.42
527,"Act 3 Report: Whistleblowers vanish, servers are wiped, and a secret alliance emerges between rival powers. 
The protagonist must choose whether to expose the truth or survive in silence.",foreign_press,politics,-0.44,0,0.23,True,False,0.27,0.61,0.72
528,"Act 1 Report: The newsroom is overwhelmed as inconsistencies in a major celebrity scandal begin to surface. 
Evidence disappears, timelines blur, and editorial pressure pushes sensationalism over truth.",foreign_press,health,0.2,5,0.3,True,False,0.2,0.9,1.0
529,"Act 1 Report: The newsroom is overwhelmed as inconsistencies in a major celebrity scandal begin to surface. 
Evidence disappears, timelines blur, and editorial pressure pushes sensationalism over truth.",foreign_press,celebrity,-0.53,0,0.43,True,False,0.38,0.41,0.56
530,"Act 1 Report: The newsroom is overwhelmed as inconsistencies in a major celebrity scandal begin to surface. 
Evidence disappears, timelines blur, and editorial pressure pushes sensationalism over truth.",state_media,health,-0.36,0,0.39,False,False,0.62,0.19,0.41
531,"Act 3 Report: Whistleblowers vanish, servers are wiped, and a secret alliance emerges between rival powers. 
The protagonist must choose whether to expose the truth or survive in silence.",anonymous_tip,protest,-0.41,5,0.59,True,False,0.7,0.26,0.61
532,"Act 1 Report: The newsroom is overwhelmed as inconsistencies in a major celebrity scandal begin to surface. 
Evidence disappears, timelines blur, and editorial pressure pushes sensationalism over truth.",independent,military,0.47,3,0.4,True,False,0.39,0.56,0.77
533,"Act 3 Report: Whistleblowers vanish, servers are wiped, and a secret alliance emerges between rival powers. 
The protagonist must choose whether to expose the truth or survive in silence.",anonymous_tip,celebrity,0.24,0,0.55,False,False,0.34,0.39,0.54
534,"Act 1 Report: The newsroom is overwhelmed as inconsistencies in a major celebrity scandal begin to surface. 
Evidence disappears, timelines blur, and editorial pressure pushes sensationalism over truth.",independent,celebrity,0.19,0,0.61,False,True,0.58,0.11,0.35
535,"Act 2 Report: Government protocols tighten their grip on political reporting. Leaked files, misinformation, 
and newsroom distrust escalate as SyndiNet races to control the narrative.",anonymous_tip,protest,-0.35,3,0.37,True,False,0.77,0.2,0.52
536,"Act 2 Report: Government protocols tighten their grip on political reporting. Leaked files, misinformation, 
and newsroom distrust escalate as SyndiNet races to control the narrative.",foreign_press,politics,-0.22,4,0.62,False,False,0.43,0.46,0.72
537,"Act 2 Report: Government protocols tighten their grip on political reporting. Leaked files, misinformation, 
and newsroom distrust escalate as SyndiNet races to control the narrative.",foreign_press,health,-0.32,5,0.7,False,False,0.48,0.42,0.72
538,"Act 3 Report: Whistleblowers vanish, servers are wiped, and a secret alliance emerges between rival powers. 
The protagonist must choose whether to expose the truth or survive in silence.",foreign_press,economy,-0.04,0,0.21,True,True,0.37,0.53,0.66
539,"Act 2 Report: Government protocols tighten their grip on political reporting. Leaked files, misinformation, 
and newsroom distrust escalate as SyndiNet races to control the narrative.",independent,protest,-0.12,7,0.11,True,False,0.4,0.89,1.0
540,"Act 2 Report: Government protocols tighten their grip on political reporting. Leaked files, misinformation, 
and newsroom distrust escalate as SyndiNet races to control the narrative.",foreign_press,politics,0.08,9,0.74,False,False,0.24,0.84,1.0
541,"Act 3 Report: Whistleblowers vanish, servers are wiped, and a secret alliance emerges between rival powers. 
The protagonist must choose whether to expose the truth or survive in silence.",independent,celebrity,0.22,3,0.4,False,False,0.61,0.34,0.62
542,"Act 2 Report: Government protocols tighten their grip on political reporting. Leaked files, misinformation, 
and newsroom distrust escalate as SyndiNet races to control the narrative.",foreign_press,celebrity,-0.17,1,0.75,False,False,0.16,0.51,0.65
543,"Act 2 Report: Government protocols tighten their grip on political reporting. Leaked files, misinformation, 
and newsroom distrust escalate as SyndiNet races to control the narrative.",foreign_press,military,-0.69,3,0.49,True,False,0.57,0.34,0.61
544,"Act 2 Report: Government protocols tighten their grip on political reporting. Leaked files, misinformation, 
and newsroom distrust escalate as SyndiNet races to control the narrative.",foreign_press,health,0.02,3,0.35,True,False,0.32,0.65,0.83
545,"Act 3 Report: Whistleblowers vanish, servers are wiped, and a secret alliance emerges between rival powers. 
The protagonist must choose whether to expose the truth or survive in silence.",independent,politics,-0.88,6,0.79,True,False,0.39,0.51,0.81
546,"Act 3 Report: Whistleblowers vanish, servers are wiped, and a secret alliance emerges between rival powers. 
The protagonist must choose whether to expose the truth or survive in silence.",state_media,politics,-0.06,2,0.5,False,False,0.55,0.3,0.55
547,"Act 3 Report: Whistleblowers vanish, servers are wiped, and a secret alliance emerges between rival powers. 
The protagonist must choose whether to expose the truth or survive in silence.",foreign_press,politics,0.22,0,0.29,False,False,0.84,0.01,0.29
548,"Act 2 Report: Government protocols tighten their grip on political reporting. Leaked files, misinformation, 
and newsroom distrust escalate as SyndiNet races to control the narrative.",independent,economy,-0.29,1,0.59,True,True,0.47,0.29,0.5
549,"Act 2 Report: Government protocols tighten their grip on political reporting. Leaked files, misinformation, 
and newsroom distrust escalate as SyndiNet races to control the narrative.",state_media,politics,0.39,0,0.4,False,False,0.75,0.05,0.31
550,"Act 3 Report: Whistleblowers vanish, servers are wiped, and a secret alliance emerges between rival powers. 
The protagonist must choose whether to expose the truth or survive in silence.",foreign_press,celebrity,-0.49,4,0.7,True,False,0.6,0.25,0.57
551,"Act 3 Report: Whistleblowers vanish, servers are wiped, and a secret alliance emerges between rival powers. 
The protagonist must choose whether to expose the truth or survive in silence.",state_media,celebrity,-0.65,4,0.53,True,False,0.37,0.56,0.8
552,"Act 1 Report: The newsroom is overwhelmed as inconsistencies in a major celebrity scandal begin to surface. 
Evidence disappears, timelines blur, and editorial pressure pushes sensationalism over truth.",anonymous_tip,economy,0.0,3,0.77,False,False,0.52,0.25,0.53
553,"Act 2 Report: Government protocols tighten their grip on political reporting. Leaked files, misinformation, 
and newsroom distrust escalate as SyndiNet races to control the narrative.",independent,economy,-0.76,0,0.43,True,True,0.65,0.14,0.37
554,"Act 3 Report: Whistleblowers vanish, servers are wiped, and a secret alliance emerges between rival powers. 
The protagonist must choose whether to expose the truth or survive in silence.",foreign_press,celebrity,-0.23,1,0.63,True,True,0.48,0.26,0.48
555,"Act 3 Report: Whistleblowers vanish, servers are wiped, and a secret alliance emerges between rival powers. 
The protagonist must choose whether to expose the truth or survive in silence.",independent,economy,-0.16,2,0.46,False,False,0.5,0.37,0.6
556,"Act 3 Report: Whistleblowers vanish, servers are wiped, and a secret alliance emerges between rival powers. 
The protagonist must choose whether to expose the truth or survive in silence.",anonymous_tip,protest,0.09,2,0.5,False,False,0.43,0.41,0.63
557,"Act 3 Report: Whistleblowers vanish, servers are wiped, and a secret alliance emerges between rival powers. 
The protagonist must choose whether to expose the truth or survive in silence.",state_media,politics,-0.36,4,0.12,True,True,0.5,0.64,0.87
558,"Act 2 Report: Government protocols tighten their grip on political reporting. Leaked files, misinformation, 
and newsroom distrust escalate as SyndiNet races to control the narrative.",foreign_press,health,-0.2,0,0.46,False,True,0.11,0.66,0.74
559,"Act 1 Report: The newsroom is overwhelmed as inconsistencies in a major celebrity scandal begin to surface. 
Evidence disappears, timelines blur, and editorial pressure pushes sensationalism over truth.",anonymous_tip,economy,0.19,1,0.48,True,False,0.56,0.25,0.48
560,"Act 1 Report: The newsroom is overwhelmed as inconsistencies in a major celebrity scandal begin to surface. 
Evidence disappears, timelines blur, and editorial pressure pushes sensationalism over truth.",anonymous_tip,military,-0.94,3,0.39,True,True,0.41,0.54,0.76
561,"Act 3 Report: Whistleblowers vanish, servers are wiped, and a secret alliance emerges between rival powers. 
The protagonist must choose whether to expose the truth or survive in silence.",anonymous_tip,celebrity,-0.45,2,0.67,False,False,0.69,0.08,0.38
562,"Act 2 Report: Government protocols tighten their grip on political reporting. Leaked files, misinformation, 
and newsroom distrust escalate as SyndiNet races to control the narrative.",foreign_press,economy,-0.33,1,0.41,True,False,0.72,0.12,0.39
563,"Act 1 Report: The newsroom is overwhelmed as inconsistencies in a major celebrity scandal begin to surface. 
Evidence disappears, timelines blur, and editorial pressure pushes sensationalism over truth.",foreign_press,economy,-0.16,0,0.41,True,True,0.62,0.17,0.4
564,"Act 3 Report: Whistleblowers vanish, servers are wiped, and a secret alliance emerges between rival powers. 
The protagonist must choose whether to expose the truth or survive in silence.",independent,military,0.51,3,0.62,False,False,0.37,0.47,0.69
565,"Act 2 Report: Government protocols tighten their grip on political reporting. Leaked files, misinformation, 
and newsroom distrust escalate as SyndiNet races to control the narrative.",foreign_press,celebrity,0.52,4,0.36,False,False,0.16,0.86,1.0
566,"Act 3 Report: Whistleblowers vanish, servers are wiped, and a secret alliance emerges between rival powers. 
The protagonist must choose whether to expose the truth or survive in silence.",state_media,protest,-0.24,1,0.51,False,False,0.68,0.11,0.38
567,"Act 1 Report: The newsroom is overwhelmed as inconsistencies in a major celebrity scandal begin to surface. 
Evidence disappears, timelines blur, and editorial pressure pushes sensationalism over truth.",independent,protest,0.13,3,0.42,True,True,0.56,0.38,0.64
568,"Act 1 Report: The newsroom is overwhelmed as inconsistencies in a major celebrity scandal begin to surface. 
Evidence disappears, timelines blur, and editorial pressure pushes sensationalism over truth.",anonymous_tip,celebrity,-0.85,7,0.77,True,False,0.77,0.2,0.62
569,"Act 2 Report: Government protocols tighten their grip on political reporting. Leaked files, misinformation, 
and newsroom distrust escalate as SyndiNet races to control the narrative.",state_media,politics,0.24,1,0.2,True,False,0.22,0.72,0.83
570,"Act 2 Report: Government protocols tighten their grip on political reporting. Leaked files, misinformation, 
and newsroom distrust escalate as SyndiNet races to control the narrative.",independent,health,-0.79,0,0.36,False,True,0.56,0.26,0.47
571,"Act 1 Report: The newsroom is overwhelmed as inconsistencies in a major celebrity scandal begin to surface. 
Evidence disappears, timelines blur, and editorial pressure pushes sensationalism over truth.",anonymous_tip,economy,-0.69,5,0.29,False,False,0.38,0.72,0.95
572,"Act 2 Report: Government protocols tighten their grip on political reporting. Leaked files, misinformation, 
and newsroom distrust escalate as SyndiNet races to control the narrative.",anonymous_tip,celebrity,-0.17,4,0.56,True,True,0.54,0.38,0.67
573,"Act 3 Report: Whistleblowers vanish, servers are wiped, and a secret alliance emerges between rival powers. 
The protagonist must choose whether to expose the truth or survive in silence.",state_media,celebrity,-0.25,1,0.54,False,False,0.3,0.48,0.64
574,"Act 2 Report: Government protocols tighten their grip on political reporting. Leaked files, misinformation, 
and newsroom distrust escalate as SyndiNet races to control the narrative.",anonymous_tip,military,-0.46,2,0.28,False,False,0.73,0.24,0.51
575,"Act 3 Report: Whistleblowers vanish, servers are wiped, and a secret alliance emerges between rival powers. 
The protagonist must choose whether to expose the truth or survive in silence.",foreign_press,politics,0.23,3,0.53,True,False,0.83,0.05,0.41
576,"Act 3 Report: Whistleblowers vanish, servers are wiped, and a secret alliance emerges between rival powers. 
The protagonist must choose whether to expose the truth or survive in silence.",foreign_press,economy,-0.1,5,0.45,False,True,0.34,0.68,0.91
577,"Act 2 Report: Government protocols tighten their grip on political reporting. Leaked files, misinformation, 
and newsroom distrust escalate as SyndiNet races to control the narrative.",state_media,military,-0.62,3,0.29,True,False,0.83,0.17,0.5
578,"Act 1 Report: The newsroom is overwhelmed as inconsistencies in a major celebrity scandal begin to surface. 
Evidence disappears, timelines blur, and editorial pressure pushes sensationalism over truth.",state_media,economy,0.05,3,0.37,False,True,0.35,0.61,0.8
579,"Act 3 Report: Whistleblowers vanish, servers are wiped, and a secret alliance emerges between rival powers. 
The protagonist must choose whether to expose the truth or survive in silence.",foreign_press,military,-0.22,3,0.66,False,False,0.73,0.09,0.43
580,"Act 3 Report: Whistleblowers vanish, servers are wiped, and a secret alliance emerges between rival powers. 
The protagonist must choose whether to expose the truth or survive in silence.",independent,economy,-0.4,6,0.48,False,False,0.33,0.73,0.98
581,"Act 3 Report: Whistleblowers vanish, servers are wiped, and a secret alliance emerges between rival powers. 
The protagonist must choose whether to expose the truth or survive in silence.",independent,celebrity,-0.03,4,0.67,True,False,0.18,0.68,0.87
582,"Act 2 Report: Government protocols tighten their grip on political reporting. Leaked files, misinformation, 
and newsroom distrust escalate as SyndiNet races to control the narrative.",state_media,protest,0.14,3,0.86,True,False,0.69,0.03,0.37
583,"Act 1 Report: The newsroom is overwhelmed as inconsistencies in a major celebrity scandal begin to surface. 
Evidence disappears, timelines blur, and editorial pressure pushes sensationalism over truth.",state_media,politics,-0.16,3,0.19,True,False,0.16,0.9,1.0
584,"Act 2 Report: Government protocols tighten their grip on political reporting. Leaked files, misinformation, 
and newsroom distrust escalate as SyndiNet races to control the narrative.",anonymous_tip,military,0.01,3,0.36,False,False,0.32,0.65,0.83
585,"Act 2 Report: Government protocols tighten their grip on political reporting. Leaked files, misinformation, 
and newsroom distrust escalate as SyndiNet races to control the narrative.",foreign_press,politics,-0.51,4,0.3,True,False,0.61,0.44,0.72
586,"Act 1 Report: The newsroom is overwhelmed as inconsistencies in a major celebrity scandal begin to surface. 
Evidence disappears, timelines blur, and editorial pressure pushes sensationalism over truth.",independent,military,0.17,2,0.38,False,True,0.7,0.21,0.49
587,"Act 2 Report: Government protocols tighten their grip on political reporting. Leaked files, misinformation, 
and newsroom distrust escalate as SyndiNet races to control the narrative.",anonymous_tip,celebrity,-0.16,2,0.69,True,False,0.56,0.2,0.47
588,"Act 3 Report: Whistleblowers vanish, servers are wiped, and a secret alliance emerges between rival powers. 
The protagonist must choose whether to expose the truth or survive in silence.",independent,health,-0.54,1,0.64,False,True,0.77,0.0,0.27
589,"Act 2 Report: Government protocols tighten their grip on political reporting. Leaked files, misinformation, 
and newsroom distrust escalate as SyndiNet races to control the narrative.",state_media,health,0.48,0,0.45,True,True,0.36,0.42,0.57
590,"Act 2 Report: Government protocols tighten their grip on political reporting. Leaked files, misinformation, 
and newsroom distrust escalate as SyndiNet races to control the narrative.",foreign_press,politics,0.24,1,0.18,False,False,0.43,0.53,0.69
591,"Act 3 Report: Whistleblowers vanish, servers are wiped, and a secret alliance emerges between rival powers. 
The protagonist must choose whether to expose the truth or survive in silence.",foreign_press,economy,-0.35,1,0.27,True,True,0.29,0.63,0.76
592,"Act 1 Report: The newsroom is overwhelmed as inconsistencies in a major celebrity scandal begin to surface. 
Evidence disappears, timelines blur, and editorial pressure pushes sensationalism over truth.",state_media,protest,-0.17,3,0.71,True,False,0.5,0.3,0.57
593,"Act 3 Report: Whistleblowers vanish, servers are wiped, and a secret alliance emerges between rival powers. 
The protagonist must choose whether to expose the truth or survive in silence.",state_media,military,0.63,1,0.87,True,False,0.68,0.0,0.24
594,"Act 3 Report: Whistleblowers vanish, servers are wiped, and a secret alliance emerges between rival powers. 
The protagonist must choose whether to expose the truth or survive in silence.",foreign_press,military,-0.75,3,0.71,False,False,0.12,0.68,0.84
595,"Act 1 Report: The newsroom is overwhelmed as inconsistencies in a major celebrity scandal begin to surface. 
Evidence disappears, timelines blur, and editorial pressure pushes sensationalism over truth.",independent,politics,-0.26,6,0.46,False,False,0.2,0.87,1.0
596,"Act 1 Report: The newsroom is overwhelmed as inconsistencies in a major celebrity scandal begin to surface. 
Evidence disappears, timelines blur, and editorial pressure pushes sensationalism over truth.",foreign_press,health,0.05,4,0.21,False,False,0.54,0.56,0.81
597,"Act 2 Report: Government protocols tighten their grip on political reporting. Leaked files, misinformation, 
and newsroom distrust escalate as SyndiNet races to control the narrative.",anonymous_tip,military,-0.44,2,0.4,True,False,0.4,0.5,0.69
598,"Act 2 Report: Government protocols tighten their grip on political reporting. Leaked files, misinformation, 
and newsroom distrust escalate as SyndiNet races to control the narrative.",independent,military,0.8,2,0.72,False,False,0.47,0.27,0.52
599,"Act 1 Report: The newsroom is overwhelmed as inconsistencies in a major celebrity scandal begin to surface. 
Evidence disappears, timelines blur, and editorial pressure pushes sensationalism over truth.",foreign_press,protest,-0.28,6,0.17,False,False,0.7,0.52,0.85
600,"Act 1 Report: The newsroom is overwhelmed as inconsistencies in a major celebrity scandal begin to surface. 
Evidence disappears, timelines blur, and editorial pressure pushes sensationalism over truth.",state_media,military,0.06,5,0.5,True,False,0.7,0.3,0.64
601,"Act 1 Report: The newsroom is overwhelmed as inconsistencies in a major celebrity scandal begin to surface. 
Evidence disappears, timelines blur, and editorial pressure pushes sensationalism over truth.",foreign_press,health,0.1,7,0.49,False,True,0.39,0.72,1.0
602,"Act 2 Report: Government protocols tighten their grip on political reporting. Leaked files, misinformation, 
and newsroom distrust escalate as SyndiNet races to control the narrative.",foreign_press,economy,-0.35,6,0.55,True,False,0.3,0.73,0.97
603,"Act 1 Report: The newsroom is overwhelmed as inconsistencies in a major celebrity scandal begin to surface. 
Evidence disappears, timelines blur, and editorial pressure pushes sensationalism over truth.",state_media,economy,-0.04,2,0.54,False,False,0.79,0.04,0.37
604,"Act 3 Report: Whistleblowers vanish, servers are wiped, and a secret alliance emerges between rival powers. 
The protagonist must choose whether to expose the truth or survive in silence.",independent,economy,-0.05,5,0.49,False,False,0.44,0.57,0.83
605,"Act 1 Report: The newsroom is overwhelmed as inconsistencies in a major celebrity scandal begin to surface. 
Evidence disappears, timelines blur, and editorial pressure pushes sensationalism over truth.",state_media,economy,-0.02,3,0.39,False,True,0.41,0.55,0.76
606,"Act 2 Report: Government protocols tighten their grip on political reporting. Leaked files, misinformation, 
and newsroom distrust escalate as SyndiNet races to control the narrative.",anonymous_tip,economy,-0.18,3,0.3,True,False,0.54,0.46,0.7
607,"Act 2 Report: Government protocols tighten their grip on political reporting. Leaked files, misinformation, 
and newsroom distrust escalate as SyndiNet races to control the narrative.",foreign_press,economy,-0.33,2,0.68,False,True,0.52,0.24,0.5
608,"Act 2 Report: Government protocols tighten their grip on political reporting. Leaked files, misinformation, 
and newsroom distrust escalate as SyndiNet races to control the narrative.",foreign_press,economy,0.18,3,0.4,True,False,0.29,0.66,0.83
609,"Act 1 Report: The newsroom is overwhelmed as inconsistencies in a major celebrity scandal begin to surface. 
Evidence disappears, timelines blur, and editorial pressure pushes sensationalism over truth.",state_media,economy,-0.6,2,0.95,True,False,0.76,0.0,0.22
610,"Act 3 Report: Whistleblowers vanish, servers are wiped, and a secret alliance emerges between rival powers. 
The protagonist must choose whether to expose the truth or survive in silence.",anonymous_tip,economy,0.43,5,0.66,True,True,0.51,0.41,0.71
611,"Act 3 Report: Whistleblowers vanish, servers are wiped, and a secret alliance emerges between rival powers. 
The protagonist must choose whether to expose the truth or survive in silence.",foreign_press,celebrity,-0.22,2,0.53,False,False,0.19,0.65,0.79
612,"Act 2 Report: Government protocols tighten their grip on political reporting. Leaked files, misinformation, 
and newsroom distrust escalate as SyndiNet races to control the narrative.",independent,health,0.09,3,0.31,True,False,0.72,0.27,0.57
613,"Act 2 Report: Government protocols tighten their grip on political reporting. Leaked files, misinformation, 
and newsroom distrust escalate as SyndiNet races to control the narrative.",anonymous_tip,celebrity,-0.19,0,0.67,False,False,0.54,0.13,0.35
614,"Act 2 Report: Government protocols tighten their grip on political reporting. Leaked files, misinformation, 
and newsroom distrust escalate as SyndiNet races to control the narrative.",foreign_press,military,-0.8,2,0.67,True,False,0.1,0.67,0.8
615,"Act 3 Report: Whistleblowers vanish, servers are wiped, and a secret alliance emerges between rival powers. 
The protagonist must choose whether to expose the truth or survive in silence.",independent,economy,0.01,1,0.46,True,False,0.58,0.24,0.48
616,"Act 1 Report: The newsroom is overwhelmed as inconsistencies in a major celebrity scandal begin to surface. 
Evidence disappears, timelines blur, and editorial pressure pushes sensationalism over truth.",anonymous_tip,politics,-0.44,7,0.54,True,True,0.72,0.36,0.75
617,"Act 3 Report: Whistleblowers vanish, servers are wiped, and a secret alliance emerges between rival powers. 
The protagonist must choose whether to expose the truth or survive in silence.",state_media,health,-0.61,3,0.39,False,True,0.37,0.59,0.79
618,"Act 2 Report: Government protocols tighten their grip on political reporting. Leaked files, misinformation, 
and newsroom distrust escalate as SyndiNet races to control the narrative.",foreign_press,economy,-0.3,1,0.58,False,False,0.77,0.0,0.3
619,"Act 2 Report: Government protocols tighten their grip on political reporting. Leaked files, misinformation, 
and newsroom distrust escalate as SyndiNet races to control the narrative.",state_media,health,-0.69,0,0.34,False,True,0.6,0.23,0.45
620,"Act 1 Report: The newsroom is overwhelmed as inconsistencies in a major celebrity scandal begin to surface. 
Evidence disappears, timelines blur, and editorial pressure pushes sensationalism over truth.",anonymous_tip,economy,-0.31,5,0.69,True,True,0.66,0.24,0.59
621,"Act 3 Report: Whistleblowers vanish, servers are wiped, and a secret alliance emerges between rival powers. 
The protagonist must choose whether to expose the truth or survive in silence.",state_media,health,-0.05,3,0.61,True,False,0.35,0.5,0.71
622,"Act 1 Report: The newsroom is overwhelmed as inconsistencies in a major celebrity scandal begin to surface. 
Evidence disappears, timelines blur, and editorial pressure pushes sensationalism over truth.",independent,protest,-0.69,1,0.47,True,False,0.53,0.28,0.51
623,"Act 3 Report: Whistleblowers vanish, servers are wiped, and a secret alliance emerges between rival powers. 
The protagonist must choose whether to expose the truth or survive in silence.",state_media,military,0.14,0,0.52,False,False,0.42,0.32,0.5
624,"Act 3 Report: Whistleblowers vanish, servers are wiped, and a secret alliance emerges between rival powers. 
The protagonist must choose whether to expose the truth or survive in silence.",independent,military,-0.85,2,0.43,True,False,0.3,0.58,0.75
625,"Act 2 Report: Government protocols tighten their grip on political reporting. Leaked files, misinformation, 
and newsroom distrust escalate as SyndiNet races to control the narrative.",anonymous_tip,protest,-0.34,0,0.47,False,False,0.76,0.01,0.28
626,"Act 3 Report: Whistleblowers vanish, servers are wiped, and a secret alliance emerges between rival powers. 
The protagonist must choose whether to expose the truth or survive in silence.",state_media,politics,0.58,2,0.19,True,True,0.2,0.81,0.92
627,"Act 2 Report: Government protocols tighten their grip on political reporting. Leaked files, misinformation, 
and newsroom distrust escalate as SyndiNet races to control the narrative.",state_media,politics,-0.3,3,0.44,False,True,0.23,0.71,0.87
628,"Act 3 Report: Whistleblowers vanish, servers are wiped, and a secret alliance emerges between rival powers. 
The protagonist must choose whether to expose the truth or survive in silence.",independent,health,-0.29,3,0.56,True,False,0.82,0.05,0.4
629,"Act 2 Report: Government protocols tighten their grip on political reporting. Leaked files, misinformation, 
and newsroom distrust escalate as SyndiNet races to control the narrative.",state_media,celebrity,0.07,2,0.36,False,False,0.63,0.29,0.55
630,"Act 2 Report: Government protocols tighten their grip on political reporting. Leaked files, misinformation, 
and newsroom distrust escalate as SyndiNet races to control the narrative.",foreign_press,health,-0.87,0,0.72,True,True,0.87,0.0,0.1
631,"Act 1 Report: The newsroom is overwhelmed as inconsistencies in a major celebrity scandal begin to surface. 
Evidence disappears, timelines blur, and editorial pressure pushes sensationalism over truth.",independent,politics,0.38,4,0.27,True,False,0.22,0.84,1.0
632,"Act 1 Report: The newsroom is overwhelmed as inconsistencies in a major celebrity scandal begin to surface. 
Evidence disappears, timelines blur, and editorial pressure pushes sensationalism over truth.",state_media,health,-0.42,0,0.52,True,False,0.67,0.07,0.32
633,"Act 1 Report: The newsroom is overwhelmed as inconsistencies in a major celebrity scandal begin to surface. 
Evidence disappears, timelines blur, and editorial pressure pushes sensationalism over truth.",anonymous_tip,economy,-0.92,1,0.3,True,False,0.74,0.16,0.43
634,"Act 3 Report: Whistleblowers vanish, servers are wiped, and a secret alliance emerges between rival powers. 
The protagonist must choose whether to expose the truth or survive in silence.",independent,health,-0.44,2,0.64,True,False,0.39,0.39,0.61
635,"Act 1 Report: The newsroom is overwhelmed as inconsistencies in a major celebrity scandal begin to surface. 
Evidence disappears, timelines blur, and editorial pressure pushes sensationalism over truth.",anonymous_tip,celebrity,-0.56,3,0.81,False,False,0.45,0.29,0.56
636,"Act 1 Report: The newsroom is overwhelmed as inconsistencies in a major celebrity scandal begin to surface. 
Evidence disappears, timelines blur, and editorial pressure pushes sensationalism over truth.",anonymous_tip,politics,-0.8,0,0.48,False,False,0.53,0.23,0.44
637,"Act 2 Report: Government protocols tighten their grip on political reporting. Leaked files, misinformation, 
and newsroom distrust escalate as SyndiNet races to control the narrative.",state_media,economy,-0.83,5,0.36,False,False,0.34,0.73,0.95
638,"Act 2 Report: Government protocols tighten their grip on political reporting. Leaked files, misinformation, 
and newsroom distrust escalate as SyndiNet races to control the narrative.",foreign_press,health,-0.27,0,0.82,True,False,0.61,0.0,0.25
639,"Act 2 Report: Government protocols tighten their grip on political reporting. Leaked files, misinformation, 
and newsroom distrust escalate as SyndiNet races to control the narrative.",foreign_press,health,0.12,0,0.76,False,False,0.58,0.04,0.29
640,"Act 3 Report: Whistleblowers vanish, servers are wiped, and a secret alliance emerges between rival powers. 
The protagonist must choose whether to expose the truth or survive in silence.",independent,economy,0.07,3,0.6,True,False,0.88,0.0,0.34
641,"Act 2 Report: Government protocols tighten their grip on political reporting. Leaked files, misinformation, 
and newsroom distrust escalate as SyndiNet races to control the narrative.",state_media,protest,0.29,0,0.39,True,False,0.76,0.05,0.31
642,"Act 1 Report: The newsroom is overwhelmed as inconsistencies in a major celebrity scandal begin to surface. 
Evidence disappears, timelines blur, and editorial pressure pushes sensationalism over truth.",independent,economy,-0.44,5,0.46,True,False,0.52,0.5,0.79
643,"Act 3 Report: Whistleblowers vanish, servers are wiped, and a secret alliance emerges between rival powers. 
The protagonist must choose whether to expose the truth or survive in silence.",state_media,military,-0.49,4,0.46,False,False,0.21,0.76,0.94
644,"Act 2 Report: Government protocols tighten their grip on political reporting. Leaked files, misinformation, 
and newsroom distrust escalate as SyndiNet races to control the narrative.",state_media,politics,-0.19,0,0.66,True,False,0.64,0.03,0.29
645,"Act 2 Report: Government protocols tighten their grip on political reporting. Leaked files, misinformation, 
and newsroom distrust escalate as SyndiNet races to control the narrative.",anonymous_tip,economy,0.07,0,0.66,True,False,0.63,0.04,0.3
646,"Act 1 Report: The newsroom is overwhelmed as inconsistencies in a major celebrity scandal begin to surface. 
Evidence disappears, timelines blur, and editorial pressure pushes sensationalism over truth.",anonymous_tip,economy,-0.6,6,0.69,True,False,0.36,0.59,0.87
647,"Act 1 Report: The newsroom is overwhelmed as inconsistencies in a major celebrity scandal begin to surface. 
Evidence disappears, timelines blur, and editorial pressure pushes sensationalism over truth.",independent,protest,0.02,3,0.27,False,False,0.82,0.2,0.52
648,"Act 2 Report: Government protocols tighten their grip on political reporting. Leaked files, misinformation, 
and newsroom distrust escalate as SyndiNet races to control the narrative.",independent,celebrity,-0.65,1,0.43,False,False,0.73,0.11,0.39
649,"Act 1 Report: The newsroom is overwhelmed as inconsistencies in a major celebrity scandal begin to surface. 
Evidence disappears, timelines blur, and editorial pressure pushes sensationalism over truth.",foreign_press,health,-0.22,3,0.38,False,True,0.73,0.23,0.54
650,"Act 2 Report: Government protocols tighten their grip on political reporting. Leaked files, misinformation, 
and newsroom distrust escalate as SyndiNet races to control the narrative.",foreign_press,military,-0.1,3,0.8,False,False,0.43,0.32,0.58
651,"Act 1 Report: The newsroom is overwhelmed as inconsistencies in a major celebrity scandal begin to surface. 
Evidence disappears, timelines blur, and editorial pressure pushes sensationalism over truth.",state_media,health,-0.99,1,0.28,True,True,0.25,0.66,0.78
652,"Act 3 Report: Whistleblowers vanish, servers are wiped, and a secret alliance emerges between rival powers. 
The protagonist must choose whether to expose the truth or survive in silence.",foreign_press,celebrity,0.13,4,0.47,False,True,0.58,0.38,0.67
653,"Act 2 Report: Government protocols tighten their grip on political reporting. Leaked files, misinformation, 
and newsroom distrust escalate as SyndiNet races to control the narrative.",independent,economy,-0.74,1,0.54,False,True,0.35,0.42,0.6
654,"Act 1 Report: The newsroom is overwhelmed as inconsistencies in a major celebrity scandal begin to surface. 
Evidence disappears, timelines blur, and editorial pressure pushes sensationalism over truth.",state_media,health,0.86,4,0.41,False,False,0.57,0.43,0.71
655,"Act 1 Report: The newsroom is overwhelmed as inconsistencies in a major celebrity scandal begin to surface. 
Evidence disappears, timelines blur, and editorial pressure pushes sensationalism over truth.",state_media,economy,0.15,2,0.81,False,True,0.8,0.0,0.25
656,"Act 1 Report: The newsroom is overwhelmed as inconsistencies in a major celebrity scandal begin to surface. 
Evidence disappears, timelines blur, and editorial pressure pushes sensationalism over truth.",independent,protest,-0.73,5,0.65,False,True,0.54,0.39,0.7
657,"Act 3 Report: Whistleblowers vanish, servers are wiped, and a secret alliance emerges between rival powers. 
The protagonist must choose whether to expose the truth or survive in silence.",foreign_press,economy,-0.09,2,0.59,False,False,0.62,0.19,0.46
658,"Act 3 Report: Whistleblowers vanish, servers are wiped, and a secret alliance emerges between rival powers. 
The protagonist must choose whether to expose the truth or survive in silence.",anonymous_tip,military,-0.66,3,0.65,False,False,0.37,0.45,0.68
659,"Act 1 Report: The newsroom is overwhelmed as inconsistencies in a major celebrity scandal begin to surface. 
Evidence disappears, timelines blur, and editorial pressure pushes sensationalism over truth.",anonymous_tip,politics,-0.56,5,0.85,False,False,0.81,0.01,0.42
660,"Act 1 Report: The newsroom is overwhelmed as inconsistencies in a major celebrity scandal begin to surface. 
Evidence disappears, timelines blur, and editorial pressure pushes sensationalism over truth.",foreign_press,health,-0.28,0,0.74,False,False,0.46,0.17,0.38
661,"Act 1 Report: The newsroom is overwhelmed as inconsistencies in a major celebrity scandal begin to surface. 
Evidence disappears, timelines blur, and editorial pressure pushes sensationalism over truth.",foreign_press,politics,0.41,1,0.46,False,False,0.63,0.19,0.44
662,"Act 1 Report: The newsroom is overwhelmed as inconsistencies in a major celebrity scandal begin to surface. 
Evidence disappears, timelines blur, and editorial pressure pushes sensationalism over truth.",foreign_press,protest,-0.52,0,0.73,False,False,0.43,0.21,0.41
663,"Act 1 Report: The newsroom is overwhelmed as inconsistencies in a major celebrity scandal begin to surface. 
Evidence disappears, timelines blur, and editorial pressure pushes sensationalism over truth.",anonymous_tip,protest,-0.21,4,0.62,False,False,0.23,0.67,0.86
664,"Act 1 Report: The newsroom is overwhelmed as inconsistencies in a major celebrity scandal begin to surface. 
Evidence disappears, timelines blur, and editorial pressure pushes sensationalism over truth.",state_media,economy,-0.51,1,0.54,False,True,0.63,0.15,0.41
665,"Act 1 Report: The newsroom is overwhelmed as inconsistencies in a major celebrity scandal begin to surface. 
Evidence disappears, timelines blur, and editorial pressure pushes sensationalism over truth.",state_media,health,-0.14,4,0.56,True,False,0.67,0.25,0.57
666,"Act 3 Report: Whistleblowers vanish, servers are wiped, and a secret alliance emerges between rival powers. 
The protagonist must choose whether to expose the truth or survive in silence.",foreign_press,health,-0.55,3,0.67,True,True,0.68,0.14,0.46
667,"Act 2 Report: Government protocols tighten their grip on political reporting. Leaked files, misinformation, 
and newsroom distrust escalate as SyndiNet races to control the narrative.",state_media,protest,-0.11,0,0.24,True,False,0.61,0.27,0.48
668,"Act 2 Report: Government protocols tighten their grip on political reporting. Leaked files, misinformation, 
and newsroom distrust escalate as SyndiNet races to control the narrative.",anonymous_tip,health,-0.07,0,0.51,True,False,0.66,0.08,0.33
669,"Act 2 Report: Government protocols tighten their grip on political reporting. Leaked files, misinformation, 
and newsroom distrust escalate as SyndiNet races to control the narrative.",anonymous_tip,economy,-0.72,0,0.68,True,False,0.68,0.0,0.25
670,"Act 3 Report: Whistleblowers vanish, servers are wiped, and a secret alliance emerges between rival powers. 
The protagonist must choose whether to expose the truth or survive in silence.",foreign_press,celebrity,-0.11,1,0.88,True,False,0.9,0.0,0.09
671,"Act 2 Report: Government protocols tighten their grip on political reporting. Leaked files, misinformation, 
and newsroom distrust escalate as SyndiNet races to control the narrative.",foreign_press,health,-0.02,0,0.45,True,False,0.5,0.28,0.47
672,"Act 1 Report: The newsroom is overwhelmed as inconsistencies in a major celebrity scandal begin to surface. 
Evidence disappears, timelines blur, and editorial pressure pushes sensationalism over truth.",independent,health,-0.38,0,0.98,True,False,0.66,0.0,0.14
673,"Act 2 Report: Government protocols tighten their grip on political reporting. Leaked files, misinformation, 
and newsroom distrust escalate as SyndiNet races to control the narrative.",state_media,politics,-0.8,1,0.85,True,False,0.59,0.03,0.31
674,"Act 3 Report: Whistleblowers vanish, servers are wiped, and a secret alliance emerges between rival powers. 
The protagonist must choose whether to expose the truth or survive in silence.",independent,politics,-1.0,3,0.74,True,False,0.97,0.0,0.23
675,"Act 1 Report: The newsroom is overwhelmed as inconsistencies in a major celebrity scandal begin to surface. 
Evidence disappears, timelines blur, and editorial pressure pushes sensationalism over truth.",independent,health,-0.9,0,0.75,True,False,0.65,0.0,0.24
676,"Act 3 Report: Whistleblowers vanish, servers are wiped, and a secret alliance emerges between rival powers. 
The protagonist must choose whether to expose the truth or survive in silence.",foreign_press,health,-0.11,1,0.58,True,False,0.68,0.07,0.36
677,"Act 1 Report: The newsroom is overwhelmed as inconsistencies in a major celebrity scandal begin to surface. 
Evidence disappears, timelines blur, and editorial pressure pushes sensationalism over truth.",foreign_press,health,-0.14,0,0.59,True,False,0.67,0.03,0.29
678,"Act 2 Report: Government protocols tighten their grip on political reporting. Leaked files, misinformation, 
and newsroom distrust escalate as SyndiNet races to control the narrative.",independent,protest,-0.92,2,0.87,True,False,0.72,0.0,0.28
679,"Act 3 Report: Whistleblowers vanish, servers are wiped, and a secret alliance emerges between rival powers. 
The protagonist must choose whether to expose the truth or survive in silence.",independent,politics,-0.87,0,0.8,True,False,0.66,0.0,0.22
680,"Act 2 Report: Government protocols tighten their grip on political reporting. Leaked files, misinformation, 
and newsroom distrust escalate as SyndiNet races to control the narrative.",anonymous_tip,protest,-1.0,2,0.51,False,False,0.53,0.31,0.56
681,"Act 3 Report: Whistleblowers vanish, servers are wiped, and a secret alliance emerges between rival powers. 
The protagonist must choose whether to expose the truth or survive in silence.",foreign_press,health,-0.06,2,0.92,True,False,0.83,0.0,0.19
682,"Act 2 Report: Government protocols tighten their grip on political reporting. Leaked files, misinformation, 
and newsroom distrust escalate as SyndiNet races to control the narrative.",foreign_press,celebrity,-0.7,0,0.58,True,False,0.95,0.0,0.1
683,"Act 2 Report: Government protocols tighten their grip on political reporting. Leaked files, misinformation, 
and newsroom distrust escalate as SyndiNet races to control the narrative.",foreign_press,military,-0.55,1,0.85,True,False,0.66,0.0,0.27
684,"Act 2 Report: Government protocols tighten their grip on political reporting. Leaked files, misinformation, 
and newsroom distrust escalate as SyndiNet races to control the narrative.",state_media,economy,-0.56,0,0.73,True,False,0.74,0.0,0.19
685,"Act 3 Report: Whistleblowers vanish, servers are wiped, and a secret alliance emerges between rival powers. 
The protagonist must choose whether to expose the truth or survive in silence.",independent,celebrity,-1.0,2,0.51,False,False,0.8,0.04,0.37
686,"Act 3 Report: Whistleblowers vanish, servers are wiped, and a secret alliance emerges between rival powers. 
The protagonist must choose whether to expose the truth or survive in silence.",state_media,health,-0.71,2,0.62,True,False,0.73,0.07,0.38
687,"Act 2 Report: Government protocols tighten their grip on political reporting. Leaked files, misinformation, 
and newsroom distrust escalate as SyndiNet races to control the narrative.",independent,celebrity,-0.05,3,0.55,True,False,0.8,0.08,0.42
688,"Act 3 Report: Whistleblowers vanish, servers are wiped, and a secret alliance emerges between rival powers. 
The protagonist must choose whether to expose the truth or survive in silence.",independent,health,0.32,0,0.71,True,False,0.92,0.0,0.08
689,"Act 1 Report: The newsroom is overwhelmed as inconsistencies in a major celebrity scandal begin to surface. 
Evidence disappears, timelines blur, and editorial pressure pushes sensationalism over truth.",state_media,celebrity,-1.0,0,0.68,True,False,0.91,0.0,0.09
690,"Act 3 Report: Whistleblowers vanish, servers are wiped, and a secret alliance emerges between rival powers. 
The protagonist must choose whether to expose the truth or survive in silence.",anonymous_tip,military,-0.37,0,0.62,True,False,0.68,0.01,0.27
691,"Act 2 Report: Government protocols tighten their grip on political reporting. Leaked files, misinformation, 
and newsroom distrust escalate as SyndiNet races to control the narrative.",anonymous_tip,celebrity,-0.32,0,0.45,True,False,0.35,0.42,0.57
692,"Act 1 Report: The newsroom is overwhelmed as inconsistencies in a major celebrity scandal begin to surface. 
Evidence disappears, timelines blur, and editorial pressure pushes sensationalism over truth.",state_media,health,-0.3,0,0.76,True,True,0.6,0.02,0.28
693,"Act 2 Report: Government protocols tighten their grip on political reporting. Leaked files, misinformation, 
and newsroom distrust escalate as SyndiNet races to control the narrative.",foreign_press,military,0.04,0,0.98,True,False,0.8,0.0,0.05
694,"Act 1 Report: The newsroom is overwhelmed as inconsistencies in a major celebrity scandal begin to surface. 
Evidence disappears, timelines blur, and editorial pressure pushes sensationalism over truth.",state_media,economy,-0.3,2,0.52,True,False,0.9,0.0,0.3
695,"Act 2 Report: Government protocols tighten their grip on political reporting. Leaked files, misinformation, 
and newsroom distrust escalate as SyndiNet races to control the narrative.",foreign_press,protest,-0.81,0,0.38,False,True,0.73,0.08,0.34
696,"Act 2 Report: Government protocols tighten their grip on political reporting. Leaked files, misinformation, 
and newsroom distrust escalate as SyndiNet races to control the narrative.",independent,protest,-0.97,2,0.64,True,True,0.63,0.15,0.44
697,"Act 3 Report: Whistleblowers vanish, servers are wiped, and a secret alliance emerges between rival powers. 
The protagonist must choose whether to expose the truth or survive in silence.",state_media,protest,-0.84,0,0.86,True,False,0.98,0.0,0.0
698,"Act 1 Report: The newsroom is overwhelmed as inconsistencies in a major celebrity scandal begin to surface. 
Evidence disappears, timelines blur, and editorial pressure pushes sensationalism over truth.",independent,economy,-0.09,0,0.67,True,False,0.97,0.0,0.05
699,"Act 3 Report: Whistleblowers vanish, servers are wiped, and a secret alliance emerges between rival powers. 
The protagonist must choose whether to expose the truth or survive in silence.",independent,celebrity,-0.22,5,0.91,True,False,0.87,0.0,0.36
700,"Act 3 Report: Whistleblowers vanish, servers are wiped, and a secret alliance emerges between rival powers. 
The protagonist must choose whether to expose the truth or survive in silence.",state_media,health,-0.91,1,0.66,True,True,0.94,0.0,0.15
701,"Act 2 Report: Government protocols tighten their grip on political reporting. Leaked files, misinformation, 
and newsroom distrust escalate as SyndiNet races to control the narrative.",anonymous_tip,health,-0.07,0,0.77,False,False,0.37,0.25,0.43
702,"Act 2 Report: Government protocols tighten their grip on political reporting. Leaked files, misinformation, 
and newsroom distrust escalate as SyndiNet races to control the narrative.",state_media,military,-0.8,0,0.85,False,False,0.3,0.28,0.45
703,"Act 3 Report: Whistleblowers vanish, servers are wiped, and a secret alliance emerges between rival powers. 
The protagonist must choose whether to expose the truth or survive in silence.",foreign_press,protest,-0.65,2,0.79,True,False,0.85,0.0,0.22
704,"Act 1 Report: The newsroom is overwhelmed as inconsistencies in a major celebrity scandal begin to surface. 
Evidence disappears, timelines blur, and editorial pressure pushes sensationalism over truth.",anonymous_tip,military,-0.27,1,0.7,True,False,0.53,0.17,0.42
705,"Act 2 Report: Government protocols tighten their grip on political reporting. Leaked files, misinformation, 
and newsroom distrust escalate as SyndiNet races to control the narrative.",foreign_press,military,-0.71,0,0.99,True,False,0.8,0.0,0.05
706,"Act 1 Report: The newsroom is overwhelmed as inconsistencies in a major celebrity scandal begin to surface. 
Evidence disappears, timelines blur, and editorial pressure pushes sensationalism over truth.",foreign_press,economy,-0.34,2,0.56,True,False,0.9,0.0,0.28
707,"Act 2 Report: Government protocols tighten their grip on political reporting. Leaked files, misinformation, 
and newsroom distrust escalate as SyndiNet races to control the narrative.",state_media,health,-0.54,3,0.6,False,False,0.49,0.36,0.61
708,"Act 3 Report: Whistleblowers vanish, servers are wiped, and a secret alliance emerges between rival powers. 
The protagonist must choose whether to expose the truth or survive in silence.",state_media,military,0.09,0,0.57,True,False,0.91,0.0,0.14
709,"Act 2 Report: Government protocols tighten their grip on political reporting. Leaked files, misinformation, 
and newsroom distrust escalate as SyndiNet races to control the narrative.",anonymous_tip,protest,-0.44,3,0.84,True,False,0.67,0.06,0.4
710,"Act 2 Report: Government protocols tighten their grip on political reporting. Leaked files, misinformation, 
and newsroom distrust escalate as SyndiNet races to control the narrative.",anonymous_tip,protest,0.14,1,0.86,True,True,0.88,0.0,0.1
711,"Act 2 Report: Government protocols tighten their grip on political reporting. Leaked files, misinformation, 
and newsroom distrust escalate as SyndiNet races to control the narrative.",foreign_press,protest,-1.0,3,0.79,True,False,0.58,0.18,0.48
712,"Act 3 Report: Whistleblowers vanish, servers are wiped, and a secret alliance emerges between rival powers. 
The protagonist must choose whether to expose the truth or survive in silence.",state_media,military,-0.52,0,0.62,True,False,0.66,0.03,0.29
713,"Act 1 Report: The newsroom is overwhelmed as inconsistencies in a major celebrity scandal begin to surface. 
Evidence disappears, timelines blur, and editorial pressure pushes sensationalism over truth.",independent,protest,-0.19,0,0.52,True,False,0.38,0.36,0.53
714,"Act 2 Report: Government protocols tighten their grip on political reporting. Leaked files, misinformation, 
and newsroom distrust escalate as SyndiNet races to control the narrative.",anonymous_tip,health,-0.76,0,0.56,False,True,0.47,0.25,0.45
715,"Act 2 Report: Government protocols tighten their grip on political reporting. Leaked files, misinformation, 
and newsroom distrust escalate as SyndiNet races to control the narrative.",foreign_press,celebrity,-0.66,0,0.73,True,True,0.71,0.0,0.22
716,"Act 3 Report: Whistleblowers vanish, servers are wiped, and a secret alliance emerges between rival powers. 
The protagonist must choose whether to expose the truth or survive in silence.",anonymous_tip,economy,-0.84,0,0.35,False,False,0.79,0.03,0.3
717,"Act 2 Report: Government protocols tighten their grip on political reporting. Leaked files, misinformation, 
and newsroom distrust escalate as SyndiNet races to control the narrative.",foreign_press,celebrity,-0.8,1,0.4,False,False,0.35,0.5,0.66
718,"Act 3 Report: Whistleblowers vanish, servers are wiped, and a secret alliance emerges between rival powers. 
The protagonist must choose whether to expose the truth or survive in silence.",anonymous_tip,economy,-0.17,0,0.99,True,False,0.82,0.0,0.03
719,"Act 1 Report: The newsroom is overwhelmed as inconsistencies in a major celebrity scandal begin to surface. 
Evidence disappears, timelines blur, and editorial pressure pushes sensationalism over truth.",independent,economy,-0.35,2,0.85,True,False,0.71,0.0,0.3
720,"Act 2 Report: Government protocols tighten their grip on political reporting. Leaked files, misinformation, 
and newsroom distrust escalate as SyndiNet races to control the narrative.",state_media,economy,-0.76,0,0.66,True,True,0.72,0.0,0.23
721,"Act 1 Report: The newsroom is overwhelmed as inconsistencies in a major celebrity scandal begin to surface. 
Evidence disappears, timelines blur, and editorial pressure pushes sensationalism over truth.",foreign_press,celebrity,-1.0,0,0.86,True,False,0.64,0.0,0.21
722,"Act 2 Report: Government protocols tighten their grip on political reporting. Leaked files, misinformation, 
and newsroom distrust escalate as SyndiNet races to control the narrative.",independent,health,-0.1,3,0.76,True,False,0.84,0.0,0.31
723,"Act 3 Report: Whistleblowers vanish, servers are wiped, and a secret alliance emerges between rival powers. 
The protagonist must choose whether to expose the truth or survive in silence.",anonymous_tip,health,-0.6,0,0.69,True,False,0.63,0.02,0.28
724,"Act 1 Report: The newsroom is overwhelmed as inconsistencies in a major celebrity scandal begin to surface. 
Evidence disappears, timelines blur, and editorial pressure pushes sensationalism over truth.",state_media,politics,0.07,1,0.4,True,False,0.82,0.02,0.33
725,"Act 2 Report: Government protocols tighten their grip on political reporting. Leaked files, misinformation, 
and newsroom distrust escalate as SyndiNet races to control the narrative.",independent,protest,-0.27,3,0.99,True,False,0.69,0.0,0.32
726,"Act 1 Report: The newsroom is overwhelmed as inconsistencies in a major celebrity scandal begin to surface. 
Evidence disappears, timelines blur, and editorial pressure pushes sensationalism over truth.",state_media,protest,-0.92,4,0.92,False,False,0.72,0.02,0.39
727,"Act 1 Report: The newsroom is overwhelmed as inconsistencies in a major celebrity scandal begin to surface. 
Evidence disappears, timelines blur, and editorial pressure pushes sensationalism over truth.",anonymous_tip,politics,-0.18,1,0.91,True,False,0.85,0.0,0.11
728,"Act 3 Report: Whistleblowers vanish, servers are wiped, and a secret alliance emerges between rival powers. 
The protagonist must choose whether to expose the truth or survive in silence.",anonymous_tip,politics,-0.87,1,0.77,True,False,0.76,0.0,0.23
729,"Act 2 Report: Government protocols tighten their grip on political reporting. Leaked files, misinformation, 
and newsroom distrust escalate as SyndiNet races to control the narrative.",foreign_press,politics,-0.35,3,0.43,False,False,0.63,0.31,0.59
730,"Act 3 Report: Whistleblowers vanish, servers are wiped, and a secret alliance emerges between rival powers. 
The protagonist must choose whether to expose the truth or survive in silence.",anonymous_tip,economy,-0.58,4,0.66,True,True,0.77,0.1,0.47
731,"Act 3 Report: Whistleblowers vanish, servers are wiped, and a secret alliance emerges between rival powers. 
The protagonist must choose whether to expose the truth or survive in silence.",state_media,politics,-0.49,4,0.5,True,False,0.59,0.36,0.65
732,"Act 1 Report: The newsroom is overwhelmed as inconsistencies in a major celebrity scandal begin to surface. 
Evidence disappears, timelines blur, and editorial pressure pushes sensationalism over truth.",state_media,protest,-0.5,0,0.66,True,False,0.63,0.04,0.3
733,"Act 2 Report: Government protocols tighten their grip on political reporting. Leaked files, misinformation, 
and newsroom distrust escalate as SyndiNet races to control the narrative.",anonymous_tip,health,-0.68,2,0.57,True,False,0.93,0.0,0.26
734,"Act 3 Report: Whistleblowers vanish, servers are wiped, and a secret alliance emerges between rival powers. 
The protagonist must choose whether to expose the truth or survive in silence.",anonymous_tip,politics,-0.86,0,0.71,True,False,0.73,0.0,0.2
735,"Act 1 Report: The newsroom is overwhelmed as inconsistencies in a major celebrity scandal begin to surface. 
Evidence disappears, timelines blur, and editorial pressure pushes sensationalism over truth.",independent,economy,-1.0,4,0.86,True,False,0.27,0.5,0.73
736,"Act 3 Report: Whistleblowers vanish, servers are wiped, and a secret alliance emerges between rival powers. 
The protagonist must choose whether to expose the truth or survive in silence.",anonymous_tip,protest,0.23,0,0.89,True,True,0.67,0.0,0.17
737,"Act 3 Report: Whistleblowers vanish, servers are wiped, and a secret alliance emerges between rival powers. 
The protagonist must choose whether to expose the truth or survive in silence.",state_media,protest,-0.8,0,0.64,True,False,0.65,0.03,0.29
738,"Act 1 Report: The newsroom is overwhelmed as inconsistencies in a major celebrity scandal begin to surface. 
Evidence disappears, timelines blur, and editorial pressure pushes sensationalism over truth.",state_media,military,-0.73,0,0.75,True,False,0.95,0.0,0.04
739,"Act 1 Report: The newsroom is overwhelmed as inconsistencies in a major celebrity scandal begin to surface. 
Evidence disappears, timelines blur, and editorial pressure pushes sensationalism over truth.",anonymous_tip,protest,-0.95,0,0.94,True,False,0.79,0.0,0.07
740,"Act 3 Report: Whistleblowers vanish, servers are wiped, and a secret alliance emerges between rival powers. 
The protagonist must choose whether to expose the truth or survive in silence.",anonymous_tip,economy,-0.83,4,0.83,True,False,0.9,0.0,0.3
741,"Act 3 Report: Whistleblowers vanish, servers are wiped, and a secret alliance emerges between rival powers. 
The protagonist must choose whether to expose the truth or survive in silence.",foreign_press,military,-0.34,2,0.67,True,False,0.87,0.0,0.26
742,"Act 1 Report: The newsroom is overwhelmed as inconsistencies in a major celebrity scandal begin to surface. 
Evidence disappears, timelines blur, and editorial pressure pushes sensationalism over truth.",independent,health,-0.43,0,0.69,True,False,0.29,0.36,0.52
743,"Act 1 Report: The newsroom is overwhelmed as inconsistencies in a major celebrity scandal begin to surface. 
Evidence disappears, timelines blur, and editorial pressure pushes sensationalism over truth.",anonymous_tip,politics,-0.1,8,0.52,True,False,0.85,0.3,0.73
744,"Act 3 Report: Whistleblowers vanish, servers are wiped, and a secret alliance emerges between rival powers. 
The protagonist must choose whether to expose the truth or survive in silence.",anonymous_tip,politics,-0.12,1,0.83,False,True,0.67,0.0,0.26
745,"Act 1 Report: The newsroom is overwhelmed as inconsistencies in a major celebrity scandal begin to surface. 
Evidence disappears, timelines blur, and editorial pressure pushes sensationalism over truth.",anonymous_tip,economy,-1.0,3,0.48,True,False,0.94,0.0,0.35
746,"Act 1 Report: The newsroom is overwhelmed as inconsistencies in a major celebrity scandal begin to surface. 
Evidence disappears, timelines blur, and editorial pressure pushes sensationalism over truth.",state_media,protest,0.2,0,0.84,True,False,0.86,0.0,0.06
747,"Act 3 Report: Whistleblowers vanish, servers are wiped, and a secret alliance emerges between rival powers. 
The protagonist must choose whether to expose the truth or survive in silence.",state_media,health,-0.49,0,0.88,False,False,0.76,0.0,0.12
748,"Act 1 Report: The newsroom is overwhelmed as inconsistencies in a major celebrity scandal begin to surface. 
Evidence disappears, timelines blur, and editorial pressure pushes sensationalism over truth.",independent,celebrity,0.08,0,0.89,False,False,0.71,0.0,0.15
749,"Act 3 Report: Whistleblowers vanish, servers are wiped, and a secret alliance emerges between rival powers. 
The protagonist must choose whether to expose the truth or survive in silence.",state_media,politics,-1.0,2,0.59,True,False,0.7,0.11,0.41
750,"Act 2 Report: Government protocols tighten their grip on political reporting. Leaked files, misinformation, 
and newsroom distrust escalate as SyndiNet races to control the narrative.",state_media,health,-0.46,4,0.88,True,False,0.79,0.0,0.36
751,"Act 2 Report: Government protocols tighten their grip on political reporting. Leaked files, misinformation, 
and newsroom distrust escalate as SyndiNet races to control the narrative.",anonymous_tip,military,-0.42,2,0.69,True,False,0.63,0.12,0.42
752,"Act 3 Report: Whistleblowers vanish, servers are wiped, and a secret alliance emerges between rival powers. 
The protagonist must choose whether to expose the truth or survive in silence.",state_media,protest,0.26,3,0.83,True,True,0.98,0.0,0.18
753,"Act 1 Report: The newsroom is overwhelmed as inconsistencies in a major celebrity scandal begin to surface. 
Evidence disappears, timelines blur, and editorial pressure pushes sensationalism over truth.",foreign_press,health,-0.61,0,0.7,True,False,0.74,0.0,0.2
754,"Act 3 Report: Whistleblowers vanish, servers are wiped, and a secret alliance emerges between rival powers. 
The protagonist must choose whether to expose the truth or survive in silence.",anonymous_tip,economy,-0.12,3,0.72,True,False,0.68,0.11,0.44
755,"Act 2 Report: Government protocols tighten their grip on political reporting. Leaked files, misinformation, 
and newsroom distrust escalate as SyndiNet races to control the narrative.",state_media,protest,-0.19,0,0.82,True,False,0.69,0.0,0.19
756,"Act 3 Report: Whistleblowers vanish, servers are wiped, and a secret alliance emerges between rival powers. 
The protagonist must choose whether to expose the truth or survive in silence.",foreign_press,protest,-0.38,1,0.71,True,False,0.85,0.0,0.19
757,"Act 2 Report: Government protocols tighten their grip on political reporting. Leaked files, misinformation, 
and newsroom distrust escalate as SyndiNet races to control the narrative.",foreign_press,politics,0.32,0,0.68,False,False,0.9,0.0,0.1
758,"Act 2 Report: Government protocols tighten their grip on political reporting. Leaked files, misinformation, 
and newsroom distrust escalate as SyndiNet races to control the narrative.",state_media,economy,-1.0,0,0.89,True,False,0.74,0.0,0.13
759,"Act 1 Report: The newsroom is overwhelmed as inconsistencies in a major celebrity scandal begin to surface. 
Evidence disappears, timelines blur, and editorial pressure pushes sensationalism over truth.",anonymous_tip,military,-0.19,0,0.94,False,False,0.75,0.0,0.1
760,"Act 3 Report: Whistleblowers vanish, servers are wiped, and a secret alliance emerges between rival powers. 
The protagonist must choose whether to expose the truth or survive in silence.",foreign_press,politics,-0.11,1,0.78,True,False,0.72,0.0,0.26
761,"Act 3 Report: Whistleblowers vanish, servers are wiped, and a secret alliance emerges between rival powers. 
The protagonist must choose whether to expose the truth or survive in silence.",independent,protest,0.11,2,0.64,True,False,0.73,0.05,0.36
762,"Act 1 Report: The newsroom is overwhelmed as inconsistencies in a major celebrity scandal begin to surface. 
Evidence disappears, timelines blur, and editorial pressure pushes sensationalism over truth.",independent,politics,-0.02,0,0.38,True,False,0.52,0.28,0.48
763,"Act 3 Report: Whistleblowers vanish, servers are wiped, and a secret alliance emerges between rival powers. 
The protagonist must choose whether to expose the truth or survive in silence.",independent,politics,-0.28,0,0.59,True,False,0.96,0.0,0.09
764,"Act 2 Report: Government protocols tighten their grip on political reporting. Leaked files, misinformation, 
and newsroom distrust escalate as SyndiNet races to control the narrative.",state_media,politics,-0.48,2,0.43,True,True,0.96,0.0,0.29
765,"Act 1 Report: The newsroom is overwhelmed as inconsistencies in a major celebrity scandal begin to surface. 
Evidence disappears, timelines blur, and editorial pressure pushes sensationalism over truth.",state_media,protest,-0.85,0,0.74,False,False,0.79,0.0,0.15
766,"Act 2 Report: Government protocols tighten their grip on political reporting. Leaked files, misinformation, 
and newsroom distrust escalate as SyndiNet races to control the narrative.",foreign_press,protest,-1.0,0,0.36,True,False,0.92,0.0,0.21
767,"Act 3 Report: Whistleblowers vanish, servers are wiped, and a secret alliance emerges between rival powers. 
The protagonist must choose whether to expose the truth or survive in silence.",independent,economy,0.2,0,0.53,True,True,0.7,0.04,0.3
768,"Act 1 Report: The newsroom is overwhelmed as inconsistencies in a major celebrity scandal begin to surface. 
Evidence disappears, timelines blur, and editorial pressure pushes sensationalism over truth.",state_media,economy,-0.49,2,0.56,True,False,0.77,0.05,0.37
769,"Act 1 Report: The newsroom is overwhelmed as inconsistencies in a major celebrity scandal begin to surface. 
Evidence disappears, timelines blur, and editorial pressure pushes sensationalism over truth.",anonymous_tip,celebrity,-0.76,0,0.47,True,True,0.94,0.0,0.15
770,"Act 2 Report: Government protocols tighten their grip on political reporting. Leaked files, misinformation, 
and newsroom distrust escalate as SyndiNet races to control the narrative.",state_media,protest,-0.38,1,0.69,True,False,0.84,0.0,0.2
771,"Act 1 Report: The newsroom is overwhelmed as inconsistencies in a major celebrity scandal begin to surface. 
Evidence disappears, timelines blur, and editorial pressure pushes sensationalism over truth.",foreign_press,protest,-1.0,0,0.79,True,False,0.84,0.0,0.1
772,"Act 3 Report: Whistleblowers vanish, servers are wiped, and a secret alliance emerges between rival powers. 
The protagonist must choose whether to expose the truth or survive in silence.",independent,military,-0.55,1,0.9,True,False,0.5,0.1,0.36
773,"Act 3 Report: Whistleblowers vanish, servers are wiped, and a secret alliance emerges between rival powers. 
The protagonist must choose whether to expose the truth or survive in silence.",foreign_press,economy,-0.36,0,0.73,True,False,0.7,0.0,0.22
774,"Act 3 Report: Whistleblowers vanish, servers are wiped, and a secret alliance emerges between rival powers. 
The protagonist must choose whether to expose the truth or survive in silence.",foreign_press,celebrity,-0.23,0,0.67,False,False,0.75,0.0,0.21
775,"Act 2 Report: Government protocols tighten their grip on political reporting. Leaked files, misinformation, 
and newsroom distrust escalate as SyndiNet races to control the narrative.",independent,politics,-0.1,0,0.57,True,True,0.42,0.3,0.48
776,"Act 2 Report: Government protocols tighten their grip on political reporting. Leaked files, misinformation, 
and newsroom distrust escalate as SyndiNet races to control the narrative.",foreign_press,politics,-0.84,2,0.87,True,False,0.94,0.0,0.13
777,"Act 2 Report: Government protocols tighten their grip on political reporting. Leaked files, misinformation, 
and newsroom distrust escalate as SyndiNet races to control the narrative.",state_media,economy,-0.66,4,0.89,True,True,0.56,0.19,0.52
778,"Act 2 Report: Government protocols tighten their grip on political reporting. Leaked files, misinformation, 
and newsroom distrust escalate as SyndiNet races to control the narrative.",state_media,health,0.75,0,0.71,True,False,0.76,0.0,0.19
779,"Act 2 Report: Government protocols tighten their grip on political reporting. Leaked files, misinformation, 
and newsroom distrust escalate as SyndiNet races to control the narrative.",foreign_press,protest,-0.21,1,0.77,True,False,0.66,0.01,0.3
780,"Act 3 Report: Whistleblowers vanish, servers are wiped, and a secret alliance emerges between rival powers. 
The protagonist must choose whether to expose the truth or survive in silence.",independent,protest,-0.68,0,0.59,False,False,0.94,0.0,0.11
781,"Act 1 Report: The newsroom is overwhelmed as inconsistencies in a major celebrity scandal begin to surface. 
Evidence disappears, timelines blur, and editorial pressure pushes sensationalism over truth.",anonymous_tip,health,-1.0,3,0.72,False,False,0.91,0.0,0.28
782,"Act 1 Report: The newsroom is overwhelmed as inconsistencies in a major celebrity scandal begin to surface. 
Evidence disappears, timelines blur, and editorial pressure pushes sensationalism over truth.",independent,health,0.48,1,0.58,False,False,0.85,0.0,0.24
783,"Act 1 Report: The newsroom is overwhelmed as inconsistencies in a major celebrity scandal begin to surface. 
Evidence disappears, timelines blur, and editorial pressure pushes sensationalism over truth.",anonymous_tip,health,-0.76,1,0.45,False,True,0.5,0.33,0.54
784,"Act 2 Report: Government protocols tighten their grip on political reporting. Leaked files, misinformation, 
and newsroom distrust escalate as SyndiNet races to control the narrative.",foreign_press,politics,-0.59,0,0.86,True,False,0.53,0.04,0.28
785,"Act 2 Report: Government protocols tighten their grip on political reporting. Leaked files, misinformation, 
and newsroom distrust escalate as SyndiNet races to control the narrative.",anonymous_tip,military,-0.52,3,0.71,True,False,0.83,0.0,0.34
786,"Act 2 Report: Government protocols tighten their grip on political reporting. Leaked files, misinformation, 
and newsroom distrust escalate as SyndiNet races to control the narrative.",independent,economy,-0.89,0,0.88,True,True,0.87,0.0,0.04
787,"Act 2 Report: Government protocols tighten their grip on political reporting. Leaked files, misinformation, 
and newsroom distrust escalate as SyndiNet races to control the narrative.",state_media,health,-0.36,4,0.88,True,False,0.59,0.17,0.5
788,"Act 3 Report: Whistleblowers vanish, servers are wiped, and a secret alliance emerges between rival powers. 
The protagonist must choose whether to expose the truth or survive in silence.",state_media,economy,-1.0,3,0.59,True,False,0.4,0.45,0.68
789,"Act 1 Report: The newsroom is overwhelmed as inconsistencies in a major celebrity scandal begin to surface. 
Evidence disappears, timelines blur, and editorial pressure pushes sensationalism over truth.",independent,military,-0.55,2,0.95,True,False,0.47,0.15,0.42
790,"Act 2 Report: Government protocols tighten their grip on political reporting. Leaked files, misinformation, 
and newsroom distrust escalate as SyndiNet races to control the narrative.",independent,politics,-0.4,1,0.94,True,False,0.61,0.0,0.26
791,"Act 2 Report: Government protocols tighten their grip on political reporting. Leaked files, misinformation, 
and newsroom distrust escalate as SyndiNet races to control the narrative.",independent,protest,-0.68,0,0.86,True,False,0.62,0.0,0.22
792,"Act 1 Report: The newsroom is overwhelmed as inconsistencies in a major celebrity scandal begin to surface. 
Evidence disappears, timelines blur, and editorial pressure pushes sensationalism over truth.",foreign_press,economy,0.02,2,0.79,True,True,0.55,0.16,0.43
793,"Act 2 Report: Government protocols tighten their grip on political reporting. Leaked files, misinformation, 
and newsroom distrust escalate as SyndiNet races to control the narrative.",anonymous_tip,protest,-0.08,2,0.89,True,False,0.75,0.0,0.25
794,"Act 3 Report: Whistleblowers vanish, servers are wiped, and a secret alliance emerges between rival powers. 
The protagonist must choose whether to expose the truth or survive in silence.",foreign_press,protest,-0.31,4,0.69,False,False,0.73,0.13,0.48
795,"Act 1 Report: The newsroom is overwhelmed as inconsistencies in a major celebrity scandal begin to surface. 
Evidence disappears, timelines blur, and editorial pressure pushes sensationalism over truth.",foreign_press,economy,-0.63,0,0.66,True,False,0.66,0.01,0.28
796,"Act 2 Report: Government protocols tighten their grip on political reporting. Leaked files, misinformation, 
and newsroom distrust escalate as SyndiNet races to control the narrative.",independent,celebrity,0.01,1,0.65,True,False,0.82,0.0,0.23
797,"Act 1 Report: The newsroom is overwhelmed as inconsistencies in a major celebrity scandal begin to surface. 
Evidence disappears, timelines blur, and editorial pressure pushes sensationalism over truth.",foreign_press,economy,-0.75,2,0.75,True,False,0.59,0.14,0.42
798,"Act 2 Report: Government protocols tighten their grip on political reporting. Leaked files, misinformation, 
and newsroom distrust escalate as SyndiNet races to control the narrative.",foreign_press,celebrity,-1.0,3,0.8,True,False,0.8,0.0,0.32
799,"Act 1 Report: The newsroom is overwhelmed as inconsistencies in a major celebrity scandal begin to surface. 
Evidence disappears, timelines blur, and editorial pressure pushes sensationalism over truth.",independent,politics,-0.86,0,0.54,True,False,0.85,0.0,0.19
800,"Act 2 Report: Government protocols tighten their grip on political reporting. Leaked files, misinformation, 
and newsroom distrust escalate as SyndiNet races to control the narrative.",state_media,military,-0.97,0,0.68,True,False,0.77,0.0,0.18
801,"Act 3 Report: Whistleblowers vanish, servers are wiped, and a secret alliance emerges between rival powers. 
The protagonist must choose whether to expose the truth or survive in silence.",foreign_press,military,-0.52,1,0.51,True,False,0.7,0.1,0.38
802,"Act 2 Report: Government protocols tighten their grip on political reporting. Leaked files, misinformation, 
and newsroom distrust escalate as SyndiNet races to control the narrative.",state_media,military,-0.69,1,0.9,True,False,0.91,0.0,0.07
803,"Act 1 Report: The newsroom is overwhelmed as inconsistencies in a major celebrity scandal begin to surface. 
Evidence disappears, timelines blur, and editorial pressure pushes sensationalism over truth.",foreign_press,politics,-0.2,0,0.86,True,True,0.81,0.0,0.09
804,"Act 2 Report: Government protocols tighten their grip on political reporting. Leaked files, misinformation, 
and newsroom distrust escalate as SyndiNet races to control the narrative.",state_media,politics,-0.96,0,0.82,True,True,0.92,0.0,0.03
805,"Act 3 Report: Whistleblowers vanish, servers are wiped, and a secret alliance emerges between rival powers. 
The protagonist must choose whether to expose the truth or survive in silence.",state_media,politics,0.01,3,0.97,True,False,0.79,0.0,0.26
806,"Act 3 Report: Whistleblowers vanish, servers are wiped, and a secret alliance emerges between rival powers. 
The protagonist must choose whether to expose the truth or survive in silence.",anonymous_tip,military,-0.38,0,0.83,False,False,0.63,0.0,0.23
807,"Act 1 Report: The newsroom is overwhelmed as inconsistencies in a major celebrity scandal begin to surface. 
Evidence disappears, timelines blur, and editorial pressure pushes sensationalism over truth.",independent,celebrity,-0.18,1,0.67,True,False,0.72,0.0,0.3
808,"Act 2 Report: Government protocols tighten their grip on political reporting. Leaked files, misinformation, 
and newsroom distrust escalate as SyndiNet races to control the narrative.",independent,politics,0.19,1,0.78,False,False,0.86,0.0,0.15
809,"Act 3 Report: Whistleblowers vanish, servers are wiped, and a secret alliance emerges between rival powers. 
The protagonist must choose whether to expose the truth or survive in silence.",independent,celebrity,0.2,5,0.82,True,False,0.88,0.0,0.39
810,"Act 1 Report: The newsroom is overwhelmed as inconsistencies in a major celebrity scandal begin to surface. 
Evidence disappears, timelines blur, and editorial pressure pushes sensationalism over truth.",anonymous_tip,politics,-0.11,0,0.69,True,True,0.86,0.0,0.13
811,"Act 3 Report: Whistleblowers vanish, servers are wiped, and a secret alliance emerges between rival powers. 
The protagonist must choose whether to expose the truth or survive in silence.",foreign_press,economy,0.0,2,0.81,False,False,0.96,0.0,0.14
812,"Act 3 Report: Whistleblowers vanish, servers are wiped, and a secret alliance emerges between rival powers. 
The protagonist must choose whether to expose the truth or survive in silence.",anonymous_tip,military,-0.26,0,0.62,True,False,0.87,0.0,0.14
813,"Act 2 Report: Government protocols tighten their grip on political reporting. Leaked files, misinformation, 
and newsroom distrust escalate as SyndiNet races to control the narrative.",independent,celebrity,-0.36,4,0.78,True,False,0.83,0.0,0.37
814,"Act 3 Report: Whistleblowers vanish, servers are wiped, and a secret alliance emerges between rival powers. 
The protagonist must choose whether to expose the truth or survive in silence.",state_media,protest,-1.0,0,0.7,True,False,0.95,0.0,0.06
815,"Act 2 Report: Government protocols tighten their grip on political reporting. Leaked files, misinformation, 
and newsroom distrust escalate as SyndiNet races to control the narrative.",independent,health,-0.64,0,0.88,True,True,0.44,0.12,0.34
816,"Act 3 Report: Whistleblowers vanish, servers are wiped, and a secret alliance emerges between rival powers. 
The protagonist must choose whether to expose the truth or survive in silence.",foreign_press,celebrity,-1.0,0,0.89,False,False,0.74,0.0,0.12
817,"Act 3 Report: Whistleblowers vanish, servers are wiped, and a secret alliance emerges between rival powers. 
The protagonist must choose whether to expose the truth or survive in silence.",independent,military,-0.23,0,0.48,True,False,0.75,0.01,0.28
818,"Act 1 Report: The newsroom is overwhelmed as inconsistencies in a major celebrity scandal begin to surface. 
Evidence disappears, timelines blur, and editorial pressure pushes sensationalism over truth.",foreign_press,politics,-0.8,0,0.9,False,False,0.78,0.0,0.09
819,"Act 3 Report: Whistleblowers vanish, servers are wiped, and a secret alliance emerges between rival powers. 
The protagonist must choose whether to expose the truth or survive in silence.",independent,health,-0.31,0,0.86,True,False,0.71,0.0,0.16
820,"Act 2 Report: Government protocols tighten their grip on political reporting. Leaked files, misinformation, 
and newsroom distrust escalate as SyndiNet races to control the narrative.",anonymous_tip,celebrity,-0.82,0,0.93,True,False,0.51,0.02,0.27
821,"Act 3 Report: Whistleblowers vanish, servers are wiped, and a secret alliance emerges between rival powers. 
The protagonist must choose whether to expose the truth or survive in silence.",independent,politics,-0.82,0,0.66,True,False,0.63,0.05,0.3
822,"Act 2 Report: Government protocols tighten their grip on political reporting. Leaked files, misinformation, 
and newsroom distrust escalate as SyndiNet races to control the narrative.",independent,protest,-0.84,2,0.35,True,False,0.47,0.46,0.66
823,"Act 1 Report: The newsroom is overwhelmed as inconsistencies in a major celebrity scandal begin to surface. 
Evidence disappears, timelines blur, and editorial pressure pushes sensationalism over truth.",foreign_press,protest,-1.0,1,0.73,True,False,0.95,0.0,0.11
824,"Act 1 Report: The newsroom is overwhelmed as inconsistencies in a major celebrity scandal begin to surface. 
Evidence disappears, timelines blur, and editorial pressure pushes sensationalism over truth.",independent,health,0.32,0,0.57,False,False,0.56,0.15,0.38
825,"Act 3 Report: Whistleblowers vanish, servers are wiped, and a secret alliance emerges between rival powers. 
The protagonist must choose whether to expose the truth or survive in silence.",state_media,military,-1.0,1,0.91,True,False,0.9,0.0,0.07
826,"Act 2 Report: Government protocols tighten their grip on political reporting. Leaked files, misinformation, 
and newsroom distrust escalate as SyndiNet races to control the narrative.",anonymous_tip,protest,-0.69,0,0.61,True,False,0.74,0.0,0.24
827,"Act 3 Report: Whistleblowers vanish, servers are wiped, and a secret alliance emerges between rival powers. 
The protagonist must choose whether to expose the truth or survive in silence.",foreign_press,economy,-1.0,0,0.72,True,False,0.89,0.0,0.09
828,"Act 1 Report: The newsroom is overwhelmed as inconsistencies in a major celebrity scandal begin to surface. 
Evidence disappears, timelines blur, and editorial pressure pushes sensationalism over truth.",independent,politics,-0.28,0,0.78,False,False,0.72,0.0,0.19
829,"Act 3 Report: Whistleblowers vanish, servers are wiped, and a secret alliance emerges between rival powers. 
The protagonist must choose whether to expose the truth or survive in silence.",state_media,celebrity,-1.0,0,0.88,True,False,0.89,0.0,0.02
830,"Act 2 Report: Government protocols tighten their grip on political reporting. Leaked files, misinformation, 
and newsroom distrust escalate as SyndiNet races to control the narrative.",foreign_press,celebrity,-0.62,0,0.75,True,False,0.63,0.0,0.26
831,"Act 3 Report: Whistleblowers vanish, servers are wiped, and a secret alliance emerges between rival powers. 
The protagonist must choose whether to expose the truth or survive in silence.",anonymous_tip,health,-0.37,2,0.72,False,False,0.57,0.17,0.45
832,"Act 1 Report: The newsroom is overwhelmed as inconsistencies in a major celebrity scandal begin to surface. 
Evidence disappears, timelines blur, and editorial pressure pushes sensationalism over truth.",anonymous_tip,military,-0.49,0,0.79,False,False,0.81,0.0,0.12
833,"Act 2 Report: Government protocols tighten their grip on political reporting. Leaked files, misinformation, 
and newsroom distrust escalate as SyndiNet races to control the narrative.",state_media,protest,-0.5,0,0.66,True,False,0.81,0.0,0.17
834,"Act 2 Report: Government protocols tighten their grip on political reporting. Leaked files, misinformation, 
and newsroom distrust escalate as SyndiNet races to control the narrative.",state_media,protest,-0.35,0,0.8,True,False,0.69,0.0,0.2
835,"Act 3 Report: Whistleblowers vanish, servers are wiped, and a secret alliance emerges between rival powers. 
The protagonist must choose whether to expose the truth or survive in silence.",independent,politics,-0.18,0,0.72,True,False,0.82,0.0,0.14
836,"Act 1 Report: The newsroom is overwhelmed as inconsistencies in a major celebrity scandal begin to surface. 
Evidence disappears, timelines blur, and editorial pressure pushes sensationalism over truth.",state_media,health,-0.91,2,0.84,True,False,0.63,0.05,0.35
837,"Act 3 Report: Whistleblowers vanish, servers are wiped, and a secret alliance emerges between rival powers. 
The protagonist must choose whether to expose the truth or survive in silence.",independent,celebrity,-0.62,1,0.72,True,False,0.92,0.0,0.14
838,"Act 2 Report: Government protocols tighten their grip on political reporting. Leaked files, misinformation, 
and newsroom distrust escalate as SyndiNet races to control the narrative.",independent,health,-0.65,3,0.73,True,False,0.65,0.13,0.45
839,"Act 2 Report: Government protocols tighten their grip on political reporting. Leaked files, misinformation, 
and newsroom distrust escalate as SyndiNet races to control the narrative.",foreign_press,protest,-0.82,1,0.9,False,False,0.68,0.0,0.23
840,"Act 1 Report: The newsroom is overwhelmed as inconsistencies in a major celebrity scandal begin to surface. 
Evidence disappears, timelines blur, and editorial pressure pushes sensationalism over truth.",independent,protest,-1.0,1,0.62,True,False,0.43,0.32,0.52
841,"Act 3 Report: Whistleblowers vanish, servers are wiped, and a secret alliance emerges between rival powers. 
The protagonist must choose whether to expose the truth or survive in silence.",anonymous_tip,military,-1.0,2,0.84,True,False,0.54,0.14,0.42
842,"Act 3 Report: Whistleblowers vanish, servers are wiped, and a secret alliance emerges between rival powers. 
The protagonist must choose whether to expose the truth or survive in silence.",state_media,protest,-0.16,1,0.69,True,False,0.75,0.0,0.27
843,"Act 2 Report: Government protocols tighten their grip on political reporting. Leaked files, misinformation, 
and newsroom distrust escalate as SyndiNet races to control the narrative.",independent,military,-0.2,0,0.89,True,False,0.6,0.0,0.23
844,"Act 3 Report: Whistleblowers vanish, servers are wiped, and a secret alliance emerges between rival powers. 
The protagonist must choose whether to expose the truth or survive in silence.",state_media,celebrity,-0.66,2,0.92,True,False,0.65,0.0,0.31
845,"Act 2 Report: Government protocols tighten their grip on political reporting. Leaked files, misinformation, 
and newsroom distrust escalate as SyndiNet races to control the narrative.",independent,protest,-0.28,0,0.93,True,False,0.33,0.2,0.39
846,"Act 2 Report: Government protocols tighten their grip on political reporting. Leaked files, misinformation, 
and newsroom distrust escalate as SyndiNet races to control the narrative.",independent,protest,-0.44,0,0.55,True,False,0.6,0.13,0.37
847,"Act 3 Report: Whistleblowers vanish, servers are wiped, and a secret alliance emerges between rival powers. 
The protagonist must choose whether to expose the truth or survive in silence.",state_media,economy,0.26,0,0.93,True,False,0.92,0.0,0.0
848,"Act 2 Report: Government protocols tighten their grip on political reporting. Leaked files, misinformation, 
and newsroom distrust escalate as SyndiNet races to control the narrative.",state_media,celebrity,-0.6,0,0.76,False,False,0.88,0.0,0.08
849,"Act 1 Report: The newsroom is overwhelmed as inconsistencies in a major celebrity scandal begin to surface. 
Evidence disappears, timelines blur, and editorial pressure pushes sensationalism over truth.",independent,celebrity,-0.91,0,0.67,True,False,0.9,0.0,0.1
850,"Act 3 Report: Whistleblowers vanish, servers are wiped, and a secret alliance emerges between rival powers. 
The protagonist must choose whether to expose the truth or survive in silence.",foreign_press,celebrity,-0.69,0,0.51,True,False,0.61,0.14,0.37
851,"Act 3 Report: Whistleblowers vanish, servers are wiped, and a secret alliance emerges between rival powers. 
The protagonist must choose whether to expose the truth or survive in silence.",independent,military,-0.19,1,0.8,True,False,0.78,0.0,0.2
852,"Act 1 Report: The newsroom is overwhelmed as inconsistencies in a major celebrity scandal begin to surface. 
Evidence disappears, timelines blur, and editorial pressure pushes sensationalism over truth.",state_media,protest,-0.68,1,0.93,True,False,0.91,0.0,0.06
853,"Act 2 Report: Government protocols tighten their grip on political reporting. Leaked files, misinformation, 
and newsroom distrust escalate as SyndiNet races to control the narrative.",foreign_press,politics,-0.44,0,0.59,True,False,0.85,0.0,0.17
854,"Act 2 Report: Government protocols tighten their grip on political reporting. Leaked files, misinformation, 
and newsroom distrust escalate as SyndiNet races to control the narrative.",state_media,military,0.04,2,0.2,True,False,0.91,0.09,0.42
855,"Act 3 Report: Whistleblowers vanish, servers are wiped, and a secret alliance emerges between rival powers. 
The protagonist must choose whether to expose the truth or survive in silence.",independent,economy,-0.32,3,0.7,True,False,0.59,0.21,0.51
856,"Act 2 Report: Government protocols tighten their grip on political reporting. Leaked files, misinformation, 
and newsroom distrust escalate as SyndiNet races to control the narrative.",state_media,politics,-0.61,0,0.57,True,False,0.8,0.0,0.21
857,"Act 2 Report: Government protocols tighten their grip on political reporting. Leaked files, misinformation, 
and newsroom distrust escalate as SyndiNet races to control the narrative.",anonymous_tip,celebrity,-0.81,2,0.76,True,False,0.52,0.2,0.47
858,"Act 3 Report: Whistleblowers vanish, servers are wiped, and a secret alliance emerges between rival powers. 
The protagonist must choose whether to expose the truth or survive in silence.",state_media,protest,-0.76,0,0.7,True,False,0.5,0.15,0.37
859,"Act 3 Report: Whistleblowers vanish, servers are wiped, and a secret alliance emerges between rival powers. 
The protagonist must choose whether to expose the truth or survive in silence.",independent,protest,-0.87,0,0.45,True,False,0.87,0.0,0.21
860,"Act 1 Report: The newsroom is overwhelmed as inconsistencies in a major celebrity scandal begin to surface. 
Evidence disappears, timelines blur, and editorial pressure pushes sensationalism over truth.",foreign_press,health,-0.37,2,0.83,True,False,0.34,0.35,0.57
861,"Act 1 Report: The newsroom is overwhelmed as inconsistencies in a major celebrity scandal begin to surface. 
Evidence disappears, timelines blur, and editorial pressure pushes sensationalism over truth.",state_media,health,-0.37,0,0.6,True,False,0.61,0.09,0.33
862,"Act 3 Report: Whistleblowers vanish, servers are wiped, and a secret alliance emerges between rival powers. 
The protagonist must choose whether to expose the truth or survive in silence.",foreign_press,celebrity,-0.46,3,0.54,True,True,0.74,0.14,0.47
863,"Act 2 Report: Government protocols tighten their grip on political reporting. Leaked files, misinformation, 
and newsroom distrust escalate as SyndiNet races to control the narrative.",foreign_press,celebrity,-0.79,0,0.77,True,False,0.71,0.0,0.2
864,"Act 3 Report: Whistleblowers vanish, servers are wiped, and a secret alliance emerges between rival powers. 
The protagonist must choose whether to expose the truth or survive in silence.",anonymous_tip,protest,-0.96,1,0.52,True,False,0.46,0.33,0.53
865,"Act 1 Report: The newsroom is overwhelmed as inconsistencies in a major celebrity scandal begin to surface. 
Evidence disappears, timelines blur, and editorial pressure pushes sensationalism over truth.",state_media,protest,-0.63,4,0.83,True,True,0.75,0.04,0.41
866,"Act 2 Report: Government protocols tighten their grip on political reporting. Leaked files, misinformation, 
and newsroom distrust escalate as SyndiNet races to control the narrative.",anonymous_tip,celebrity,-0.12,2,0.79,True,True,0.83,0.0,0.24
867,"Act 3 Report: Whistleblowers vanish, servers are wiped, and a secret alliance emerges between rival powers. 
The protagonist must choose whether to expose the truth or survive in silence.",foreign_press,health,-0.72,1,0.79,False,True,0.88,0.0,0.14
868,"Act 1 Report: The newsroom is overwhelmed as inconsistencies in a major celebrity scandal begin to surface. 
Evidence disappears, timelines blur, and editorial pressure pushes sensationalism over truth.",state_media,economy,-1.0,2,0.63,False,False,0.79,0.0,0.33
869,"Act 2 Report: Government protocols tighten their grip on political reporting. Leaked files, misinformation, 
and newsroom distrust escalate as SyndiNet races to control the narrative.",independent,politics,-0.75,0,0.44,True,False,0.58,0.21,0.42
870,"Act 3 Report: Whistleblowers vanish, servers are wiped, and a secret alliance emerges between rival powers. 
The protagonist must choose whether to expose the truth or survive in silence.",foreign_press,politics,-0.71,2,0.52,True,False,0.84,0.0,0.34
871,"Act 1 Report: The newsroom is overwhelmed as inconsistencies in a major celebrity scandal begin to surface. 
Evidence disappears, timelines blur, and editorial pressure pushes sensationalism over truth.",foreign_press,military,-0.92,2,0.8,True,False,0.38,0.32,0.55
872,"Act 3 Report: Whistleblowers vanish, servers are wiped, and a secret alliance emerges between rival powers. 
The protagonist must choose whether to expose the truth or survive in silence.",foreign_press,celebrity,-0.04,3,0.75,False,False,0.56,0.22,0.51
873,"Act 3 Report: Whistleblowers vanish, servers are wiped, and a secret alliance emerges between rival powers. 
The protagonist must choose whether to expose the truth or survive in silence.",independent,politics,-0.96,0,0.61,True,False,0.93,0.0,0.1
874,"Act 1 Report: The newsroom is overwhelmed as inconsistencies in a major celebrity scandal begin to surface. 
Evidence disappears, timelines blur, and editorial pressure pushes sensationalism over truth.",anonymous_tip,health,-0.86,0,0.57,True,False,0.93,0.0,0.12
875,"Act 2 Report: Government protocols tighten their grip on political reporting. Leaked files, misinformation, 
and newsroom distrust escalate as SyndiNet races to control the narrative.",independent,politics,-0.63,2,0.9,True,False,0.62,0.03,0.34
876,"Act 1 Report: The newsroom is overwhelmed as inconsistencies in a major celebrity scandal begin to surface. 
Evidence disappears, timelines blur, and editorial pressure pushes sensationalism over truth.",independent,economy,-0.39,4,0.58,True,True,0.48,0.43,0.7
877,"Act 1 Report: The newsroom is overwhelmed as inconsistencies in a major celebrity scandal begin to surface. 
Evidence disappears, timelines blur, and editorial pressure pushes sensationalism over truth.",foreign_press,politics,-0.75,0,0.66,True,False,0.56,0.11,0.35
878,"Act 2 Report: Government protocols tighten their grip on political reporting. Leaked files, misinformation, 
and newsroom distrust escalate as SyndiNet races to control the narrative.",independent,politics,-0.31,0,0.91,True,False,0.89,0.0,0.02
879,"Act 1 Report: The newsroom is overwhelmed as inconsistencies in a major celebrity scandal begin to surface. 
Evidence disappears, timelines blur, and editorial pressure pushes sensationalism over truth.",independent,military,-0.56,2,0.8,True,False,0.77,0.0,0.27
880,"Act 3 Report: Whistleblowers vanish, servers are wiped, and a secret alliance emerges between rival powers. 
The protagonist must choose whether to expose the truth or survive in silence.",anonymous_tip,military,-0.8,0,0.48,True,False,0.51,0.25,0.45
881,"Act 2 Report: Government protocols tighten their grip on political reporting. Leaked files, misinformation, 
and newsroom distrust escalate as SyndiNet races to control the narrative.",state_media,politics,-0.2,0,0.75,True,True,0.46,0.16,0.37
882,"Act 2 Report: Government protocols tighten their grip on political reporting. Leaked files, misinformation, 
and newsroom distrust escalate as SyndiNet races to control the narrative.",independent,protest,-0.12,0,0.7,True,False,0.53,0.13,0.35
883,"Act 3 Report: Whistleblowers vanish, servers are wiped, and a secret alliance emerges between rival powers. 
The protagonist must choose whether to expose the truth or survive in silence.",anonymous_tip,celebrity,-0.47,0,0.79,True,False,0.59,0.01,0.27
884,"Act 3 Report: Whistleblowers vanish, servers are wiped, and a secret alliance emerges between rival powers. 
The protagonist must choose whether to expose the truth or survive in silence.",anonymous_tip,politics,-1.0,1,0.82,True,True,0.72,0.0,0.23
885,"Act 3 Report: Whistleblowers vanish, servers are wiped, and a secret alliance emerges between rival powers. 
The protagonist must choose whether to expose the truth or survive in silence.",anonymous_tip,celebrity,-0.4,0,0.94,True,True,0.69,0.0,0.14
886,"Act 1 Report: The newsroom is overwhelmed as inconsistencies in a major celebrity scandal begin to surface. 
Evidence disappears, timelines blur, and editorial pressure pushes sensationalism over truth.",independent,politics,-0.69,0,0.82,True,True,0.87,0.0,0.06
887,"Act 2 Report: Government protocols tighten their grip on political reporting. Leaked files, misinformation, 
and newsroom distrust escalate as SyndiNet races to control the narrative.",foreign_press,health,-1.0,3,0.47,False,False,0.59,0.32,0.6
888,"Act 2 Report: Government protocols tighten their grip on political reporting. Leaked files, misinformation, 
and newsroom distrust escalate as SyndiNet races to control the narrative.",anonymous_tip,celebrity,-0.5,0,0.71,True,False,0.76,0.0,0.18
889,"Act 2 Report: Government protocols tighten their grip on political reporting. Leaked files, misinformation, 
and newsroom distrust escalate as SyndiNet races to control the narrative.",state_media,protest,-0.92,3,0.5,True,False,0.83,0.07,0.42
890,"Act 3 Report: Whistleblowers vanish, servers are wiped, and a secret alliance emerges between rival powers. 
The protagonist must choose whether to expose the truth or survive in silence.",anonymous_tip,protest,0.19,0,0.53,False,True,0.87,0.0,0.18
891,"Act 3 Report: Whistleblowers vanish, servers are wiped, and a secret alliance emerges between rival powers. 
The protagonist must choose whether to expose the truth or survive in silence.",foreign_press,politics,-0.08,1,0.28,True,False,0.89,0.02,0.33
892,"Act 3 Report: Whistleblowers vanish, servers are wiped, and a secret alliance emerges between rival powers. 
The protagonist must choose whether to expose the truth or survive in silence.",anonymous_tip,politics,-0.05,0,0.66,True,False,0.88,0.0,0.12
893,"Act 1 Report: The newsroom is overwhelmed as inconsistencies in a major celebrity scandal begin to surface. 
Evidence disappears, timelines blur, and editorial pressure pushes sensationalism over truth.",anonymous_tip,economy,-1.0,5,0.59,True,False,0.83,0.12,0.51
894,"Act 2 Report: Government protocols tighten their grip on political reporting. Leaked files, misinformation, 
and newsroom distrust escalate as SyndiNet races to control the narrative.",anonymous_tip,economy,-0.09,1,0.74,True,True,0.94,0.0,0.11
895,"Act 3 Report: Whistleblowers vanish, servers are wiped, and a secret alliance emerges between rival powers. 
The protagonist must choose whether to expose the truth or survive in silence.",state_media,economy,0.26,1,0.6,True,False,0.68,0.07,0.35
896,"Act 2 Report: Government protocols tighten their grip on political reporting. Leaked files, misinformation, 
and newsroom distrust escalate as SyndiNet races to control the narrative.",state_media,celebrity,-0.16,0,0.97,True,False,0.57,0.0,0.21
897,"Act 2 Report: Government protocols tighten their grip on political reporting. Leaked files, misinformation, 
and newsroom distrust escalate as SyndiNet races to control the narrative.",independent,health,0.17,0,0.82,True,False,0.75,0.0,0.15
898,"Act 1 Report: The newsroom is overwhelmed as inconsistencies in a major celebrity scandal begin to surface. 
Evidence disappears, timelines blur, and editorial pressure pushes sensationalism over truth.",independent,protest,-0.04,4,0.92,True,True,0.55,0.19,0.51
899,"Act 3 Report: Whistleblowers vanish, servers are wiped, and a secret alliance emerges between rival powers. 
The protagonist must choose whether to expose the truth or survive in silence.",foreign_press,military,-0.57,0,0.96,True,False,0.82,0.0,0.04
900,"Act 3 Report: Whistleblowers vanish, servers are wiped, and a secret alliance emerges between rival powers. 
The protagonist must choose whether to expose the truth or survive in silence.",independent,celebrity,-0.37,0,0.81,False,True,0.8,0.0,0.11
901,"Act 2 Report: Government protocols tighten their grip on political reporting. Leaked files, misinformation, 
and newsroom distrust escalate as SyndiNet races to control the narrative.",anonymous_tip,economy,-0.86,2,0.85,False,False,0.6,0.08,0.37
902,"Act 2 Report: Government protocols tighten their grip on political reporting. Leaked files, misinformation, 
and newsroom distrust escalate as SyndiNet races to control the narrative.",independent,politics,-0.35,0,0.74,True,False,0.44,0.19,0.4
903,"Act 1 Report: The newsroom is overwhelmed as inconsistencies in a major celebrity scandal begin to surface. 
Evidence disappears, timelines blur, and editorial pressure pushes sensationalism over truth.",state_media,celebrity,-0.58,2,0.54,True,False,0.75,0.09,0.4
904,"Act 1 Report: The newsroom is overwhelmed as inconsistencies in a major celebrity scandal begin to surface. 
Evidence disappears, timelines blur, and editorial pressure pushes sensationalism over truth.",independent,celebrity,-1.0,0,0.74,True,False,0.85,0.0,0.11
905,"Act 1 Report: The newsroom is overwhelmed as inconsistencies in a major celebrity scandal begin to surface. 
Evidence disappears, timelines blur, and editorial pressure pushes sensationalism over truth.",foreign_press,celebrity,-0.14,0,0.78,True,True,0.65,0.0,0.23
906,"Act 2 Report: Government protocols tighten their grip on political reporting. Leaked files, misinformation, 
and newsroom distrust escalate as SyndiNet races to control the narrative.",independent,politics,-1.0,0,0.89,True,False,0.88,0.0,0.03
907,"Act 3 Report: Whistleblowers vanish, servers are wiped, and a secret alliance emerges between rival powers. 
The protagonist must choose whether to expose the truth or survive in silence.",foreign_press,economy,-0.38,0,0.63,False,True,0.73,0.0,0.24
908,"Act 3 Report: Whistleblowers vanish, servers are wiped, and a secret alliance emerges between rival powers. 
The protagonist must choose whether to expose the truth or survive in silence.",anonymous_tip,military,-0.51,0,0.91,False,False,0.77,0.0,0.09
909,"Act 1 Report: The newsroom is overwhelmed as inconsistencies in a major celebrity scandal begin to surface. 
Evidence disappears, timelines blur, and editorial pressure pushes sensationalism over truth.",anonymous_tip,military,-0.44,1,0.72,True,False,0.81,0.0,0.21
910,"Act 1 Report: The newsroom is overwhelmed as inconsistencies in a major celebrity scandal begin to surface. 
Evidence disappears, timelines blur, and editorial pressure pushes sensationalism over truth.",anonymous_tip,protest,-1.0,4,0.9,True,False,0.88,0.0,0.29
911,"Act 3 Report: Whistleblowers vanish, servers are wiped, and a secret alliance emerges between rival powers. 
The protagonist must choose whether to expose the truth or survive in silence.",state_media,celebrity,-0.75,2,0.44,True,False,0.84,0.04,0.37
912,"Act 3 Report: Whistleblowers vanish, servers are wiped, and a secret alliance emerges between rival powers. 
The protagonist must choose whether to expose the truth or survive in silence.",foreign_press,protest,-1.0,0,0.76,True,False,0.84,0.0,0.1
913,"Act 2 Report: Government protocols tighten their grip on political reporting. Leaked files, misinformation, 
and newsroom distrust escalate as SyndiNet races to control the narrative.",anonymous_tip,politics,0.12,0,0.67,True,False,0.62,0.05,0.3
914,"Act 2 Report: Government protocols tighten their grip on political reporting. Leaked files, misinformation, 
and newsroom distrust escalate as SyndiNet races to control the narrative.",independent,protest,-0.51,3,0.83,True,False,0.42,0.31,0.57
915,"Act 1 Report: The newsroom is overwhelmed as inconsistencies in a major celebrity scandal begin to surface. 
Evidence disappears, timelines blur, and editorial pressure pushes sensationalism over truth.",anonymous_tip,celebrity,-0.89,4,0.57,True,True,0.51,0.4,0.68
916,"Act 2 Report: Government protocols tighten their grip on political reporting. Leaked files, misinformation, 
and newsroom distrust escalate as SyndiNet races to control the narrative.",state_media,economy,-0.68,0,0.74,True,False,0.65,0.0,0.25
917,"Act 3 Report: Whistleblowers vanish, servers are wiped, and a secret alliance emerges between rival powers. 
The protagonist must choose whether to expose the truth or survive in silence.",independent,health,-0.27,3,0.91,True,False,0.85,0.0,0.24
918,"Act 1 Report: The newsroom is overwhelmed as inconsistencies in a major celebrity scandal begin to surface. 
Evidence disappears, timelines blur, and editorial pressure pushes sensationalism over truth.",foreign_press,military,-0.42,0,0.59,True,True,0.87,0.0,0.16
919,"Act 2 Report: Government protocols tighten their grip on political reporting. Leaked files, misinformation, 
and newsroom distrust escalate as SyndiNet races to control the narrative.",state_media,economy,-1.0,4,0.74,False,False,0.88,0.0,0.35
920,"Act 2 Report: Government protocols tighten their grip on political reporting. Leaked files, misinformation, 
and newsroom distrust escalate as SyndiNet races to control the narrative.",state_media,economy,-1.0,1,0.65,True,False,0.94,0.0,0.15
921,"Act 1 Report: The newsroom is overwhelmed as inconsistencies in a major celebrity scandal begin to surface. 
Evidence disappears, timelines blur, and editorial pressure pushes sensationalism over truth.",anonymous_tip,economy,-0.8,1,0.82,False,True,0.9,0.0,0.11
922,"Act 2 Report: Government protocols tighten their grip on political reporting. Leaked files, misinformation, 
and newsroom distrust escalate as SyndiNet races to control the narrative.",foreign_press,protest,-0.22,1,0.99,True,True,0.67,0.0,0.2
923,"Act 1 Report: The newsroom is overwhelmed as inconsistencies in a major celebrity scandal begin to surface. 
Evidence disappears, timelines blur, and editorial pressure pushes sensationalism over truth.",state_media,military,-1.0,1,0.73,False,False,0.98,0.0,0.09
924,"Act 3 Report: Whistleblowers vanish, servers are wiped, and a secret alliance emerges between rival powers. 
The protagonist must choose whether to expose the truth or survive in silence.",independent,economy,-0.33,3,0.88,True,False,0.87,0.0,0.24
925,"Act 2 Report: Government protocols tighten their grip on political reporting. Leaked files, misinformation, 
and newsroom distrust escalate as SyndiNet races to control the narrative.",foreign_press,military,-0.58,1,0.89,True,False,0.78,0.0,0.16
926,"Act 3 Report: Whistleblowers vanish, servers are wiped, and a secret alliance emerges between rival powers. 
The protagonist must choose whether to expose the truth or survive in silence.",foreign_press,politics,-0.08,0,0.34,True,False,0.93,0.0,0.21
927,"Act 2 Report: Government protocols tighten their grip on political reporting. Leaked files, misinformation, 
and newsroom distrust escalate as SyndiNet races to control the narrative.",state_media,politics,0.2,3,0.67,True,True,0.72,0.09,0.42
928,"Act 1 Report: The newsroom is overwhelmed as inconsistencies in a major celebrity scandal begin to surface. 
Evidence disappears, timelines blur, and editorial pressure pushes sensationalism over truth.",state_media,economy,-0.89,2,0.77,True,False,0.65,0.06,0.37
929,"Act 1 Report: The newsroom is overwhelmed as inconsistencies in a major celebrity scandal begin to surface. 
Evidence disappears, timelines blur, and editorial pressure pushes sensationalism over truth.",anonymous_tip,military,-0.42,0,0.88,True,False,0.48,0.08,0.31
930,"Act 1 Report: The newsroom is overwhelmed as inconsistencies in a major celebrity scandal begin to surface. 
Evidence disappears, timelines blur, and editorial pressure pushes sensationalism over truth.",independent,celebrity,-0.04,0,0.5,True,True,0.42,0.33,0.5
931,"Act 3 Report: Whistleblowers vanish, servers are wiped, and a secret alliance emerges between rival powers. 
The protagonist must choose whether to expose the truth or survive in silence.",foreign_press,celebrity,-0.81,0,0.83,False,False,0.9,0.0,0.04
932,"Act 3 Report: Whistleblowers vanish, servers are wiped, and a secret alliance emerges between rival powers. 
The protagonist must choose whether to expose the truth or survive in silence.",anonymous_tip,military,-0.27,0,0.92,False,True,0.72,0.0,0.12
933,"Act 1 Report: The newsroom is overwhelmed as inconsistencies in a major celebrity scandal begin to surface. 
Evidence disappears, timelines blur, and editorial pressure pushes sensationalism over truth.",foreign_press,protest,-0.18,4,0.57,True,False,0.65,0.26,0.58
934,"Act 3 Report: Whistleblowers vanish, servers are wiped, and a secret alliance emerges between rival powers. 
The protagonist must choose whether to expose the truth or survive in silence.",foreign_press,military,-0.53,3,0.56,True,False,0.94,0.0,0.32
935,"Act 1 Report: The newsroom is overwhelmed as inconsistencies in a major celebrity scandal begin to surface. 
Evidence disappears, timelines blur, and editorial pressure pushes sensationalism over truth.",independent,politics,-1.0,2,0.76,True,True,0.85,0.0,0.23
936,"Act 1 Report: The newsroom is overwhelmed as inconsistencies in a major celebrity scandal begin to surface. 
Evidence disappears, timelines blur, and editorial pressure pushes sensationalism over truth.",foreign_press,politics,-0.3,1,0.8,True,False,0.59,0.06,0.33
937,"Act 3 Report: Whistleblowers vanish, servers are wiped, and a secret alliance emerges between rival powers. 
The protagonist must choose whether to expose the truth or survive in silence.",state_media,politics,-0.54,0,0.9,True,False,0.45,0.1,0.32
938,"Act 2 Report: Government protocols tighten their grip on political reporting. Leaked files, misinformation, 
and newsroom distrust escalate as SyndiNet races to control the narrative.",independent,celebrity,0.2,2,0.69,True,False,0.79,0.0,0.3
939,"Act 2 Report: Government protocols tighten their grip on political reporting. Leaked files, misinformation, 
and newsroom distrust escalate as SyndiNet races to control the narrative.",state_media,economy,-0.06,2,0.77,True,False,0.68,0.04,0.35
940,"Act 1 Report: The newsroom is overwhelmed as inconsistencies in a major celebrity scandal begin to surface. 
Evidence disappears, timelines blur, and editorial pressure pushes sensationalism over truth.",foreign_press,protest,-0.56,0,0.83,True,False,0.71,0.0,0.17
941,"Act 1 Report: The newsroom is overwhelmed as inconsistencies in a major celebrity scandal begin to surface. 
Evidence disappears, timelines blur, and editorial pressure pushes sensationalism over truth.",independent,economy,-1.0,0,0.79,True,False,0.96,0.0,0.02
942,"Act 1 Report: The newsroom is overwhelmed as inconsistencies in a major celebrity scandal begin to surface. 
Evidence disappears, timelines blur, and editorial pressure pushes sensationalism over truth.",foreign_press,economy,-0.45,2,0.92,True,False,0.77,0.0,0.23
943,"Act 3 Report: Whistleblowers vanish, servers are wiped, and a secret alliance emerges between rival powers. 
The protagonist must choose whether to expose the truth or survive in silence.",independent,politics,-0.15,2,0.83,True,False,0.64,0.04,0.35
944,"Act 1 Report: The newsroom is overwhelmed as inconsistencies in a major celebrity scandal begin to surface. 
Evidence disappears, timelines blur, and editorial pressure pushes sensationalism over truth.",independent,economy,-0.11,0,0.5,True,False,0.79,0.0,0.25
945,"Act 1 Report: The newsroom is overwhelmed as inconsistencies in a major celebrity scandal begin to surface. 
Evidence disappears, timelines blur, and editorial pressure pushes sensationalism over truth.",state_media,economy,-0.65,4,0.54,True,True,0.52,0.41,0.68
946,"Act 3 Report: Whistleblowers vanish, servers are wiped, and a secret alliance emerges between rival powers. 
The protagonist must choose whether to expose the truth or survive in silence.",foreign_press,politics,-0.79,2,0.93,True,False,0.82,0.0,0.18
947,"Act 3 Report: Whistleblowers vanish, servers are wiped, and a secret alliance emerges between rival powers. 
The protagonist must choose whether to expose the truth or survive in silence.",state_media,economy,-0.23,0,0.55,True,False,0.78,0.0,0.23
948,"Act 3 Report: Whistleblowers vanish, servers are wiped, and a secret alliance emerges between rival powers. 
The protagonist must choose whether to expose the truth or survive in silence.",anonymous_tip,economy,-0.71,2,0.68,True,False,0.69,0.07,0.38
949,"Act 1 Report: The newsroom is overwhelmed as inconsistencies in a major celebrity scandal begin to surface. 
Evidence disappears, timelines blur, and editorial pressure pushes sensationalism over truth.",state_media,economy,-0.85,0,0.67,True,False,0.64,0.02,0.28
950,"Act 3 Report: Whistleblowers vanish, servers are wiped, and a secret alliance emerges between rival powers. 
The protagonist must choose whether to expose the truth or survive in silence.",foreign_press,economy,-0.61,1,0.74,True,False,0.85,0.0,0.18
951,"Act 1 Report: The newsroom is overwhelmed as inconsistencies in a major celebrity scandal begin to surface. 
Evidence disappears, timelines blur, and editorial pressure pushes sensationalism over truth.",anonymous_tip,celebrity,-0.93,1,0.92,True,True,0.54,0.06,0.32
952,"Act 3 Report: Whistleblowers vanish, servers are wiped, and a secret alliance emerges between rival powers. 
The protagonist must choose whether to expose the truth or survive in silence.",anonymous_tip,military,-0.72,0,0.77,True,True,0.54,0.07,0.31
953,"Act 1 Report: The newsroom is overwhelmed as inconsistencies in a major celebrity scandal begin to surface. 
Evidence disappears, timelines blur, and editorial pressure pushes sensationalism over truth.",anonymous_tip,military,-0.33,0,0.68,True,True,0.92,0.0,0.08
954,"Act 2 Report: Government protocols tighten their grip on political reporting. Leaked files, misinformation, 
and newsroom distrust escalate as SyndiNet races to control the narrative.",state_media,protest,-0.56,0,0.74,True,False,0.74,0.0,0.19
955,"Act 3 Report: Whistleblowers vanish, servers are wiped, and a secret alliance emerges between rival powers. 
The protagonist must choose whether to expose the truth or survive in silence.",anonymous_tip,economy,-0.31,3,0.87,True,False,0.81,0.0,0.29
956,"Act 2 Report: Government protocols tighten their grip on political reporting. Leaked files, misinformation, 
and newsroom distrust escalate as SyndiNet races to control the narrative.",foreign_press,protest,-0.31,0,0.88,False,False,0.53,0.03,0.28
957,"Act 1 Report: The newsroom is overwhelmed as inconsistencies in a major celebrity scandal begin to surface. 
Evidence disappears, timelines blur, and editorial pressure pushes sensationalism over truth.",state_media,protest,0.2,1,0.78,True,False,0.62,0.04,0.32
958,"Act 3 Report: Whistleblowers vanish, servers are wiped, and a secret alliance emerges between rival powers. 
The protagonist must choose whether to expose the truth or survive in silence.",foreign_press,celebrity,-0.95,5,0.74,False,False,0.69,0.19,0.55
959,"Act 2 Report: Government protocols tighten their grip on political reporting. Leaked files, misinformation, 
and newsroom distrust escalate as SyndiNet races to control the narrative.",foreign_press,celebrity,-0.89,1,0.82,False,False,0.69,0.0,0.26
960,"Act 2 Report: Government protocols tighten their grip on political reporting. Leaked files, misinformation, 
and newsroom distrust escalate as SyndiNet races to control the narrative.",foreign_press,health,-0.59,1,0.65,True,False,0.38,0.34,0.54
961,"Act 3 Report: Whistleblowers vanish, servers are wiped, and a secret alliance emerges between rival powers. 
The protagonist must choose whether to expose the truth or survive in silence.",independent,health,-0.94,0,0.5,True,False,0.61,0.14,0.38
962,"Act 2 Report: Government protocols tighten their grip on political reporting. Leaked files, misinformation, 
and newsroom distrust escalate as SyndiNet races to control the narrative.",independent,economy,-0.65,1,0.87,True,False,0.4,0.21,0.44
963,"Act 2 Report: Government protocols tighten their grip on political reporting. Leaked files, misinformation, 
and newsroom distrust escalate as SyndiNet races to control the narrative.",state_media,celebrity,0.24,0,0.54,True,True,0.72,0.01,0.28
964,"Act 2 Report: Government protocols tighten their grip on political reporting. Leaked files, misinformation, 
and newsroom distrust escalate as SyndiNet races to control the narrative.",state_media,politics,-0.98,1,0.88,True,False,0.63,0.0,0.28
965,"Act 2 Report: Government protocols tighten their grip on political reporting. Leaked files, misinformation, 
and newsroom distrust escalate as SyndiNet races to control the narrative.",independent,protest,-0.56,0,0.6,True,False,0.46,0.24,0.44
966,"Act 2 Report: Government protocols tighten their grip on political reporting. Leaked files, misinformation, 
and newsroom distrust escalate as SyndiNet races to control the narrative.",independent,military,0.1,4,0.56,True,False,0.53,0.39,0.67
967,"Act 1 Report: The newsroom is overwhelmed as inconsistencies in a major celebrity scandal begin to surface. 
Evidence disappears, timelines blur, and editorial pressure pushes sensationalism over truth.",independent,health,-0.59,2,0.69,True,False,0.88,0.0,0.24
968,"Act 2 Report: Government protocols tighten their grip on political reporting. Leaked files, misinformation, 
and newsroom distrust escalate as SyndiNet races to control the narrative.",state_media,celebrity,-0.75,2,0.85,True,False,0.51,0.16,0.43
969,"Act 2 Report: Government protocols tighten their grip on political reporting. Leaked files, misinformation, 
and newsroom distrust escalate as SyndiNet races to control the narrative.",state_media,health,-0.46,1,0.75,True,False,0.73,0.0,0.25
970,"Act 1 Report: The newsroom is overwhelmed as inconsistencies in a major celebrity scandal begin to surface. 
Evidence disappears, timelines blur, and editorial pressure pushes sensationalism over truth.",state_media,protest,-1.0,3,0.68,True,False,0.99,0.0,0.24
971,"Act 2 Report: Government protocols tighten their grip on political reporting. Leaked files, misinformation, 
and newsroom distrust escalate as SyndiNet races to control the narrative.",state_media,health,-0.44,0,0.94,True,False,0.63,0.0,0.19
972,"Act 1 Report: The newsroom is overwhelmed as inconsistencies in a major celebrity scandal begin to surface. 
Evidence disappears, timelines blur, and editorial pressure pushes sensationalism over truth.",state_media,protest,0.14,3,0.7,False,False,0.58,0.21,0.51
973,"Act 1 Report: The newsroom is overwhelmed as inconsistencies in a major celebrity scandal begin to surface. 
Evidence disappears, timelines blur, and editorial pressure pushes sensationalism over truth.",anonymous_tip,economy,-0.97,3,0.6,True,False,0.67,0.17,0.49
974,"Act 2 Report: Government protocols tighten their grip on political reporting. Leaked files, misinformation, 
and newsroom distrust escalate as SyndiNet races to control the narrative.",independent,military,-1.0,0,0.58,True,False,0.9,0.0,0.14
975,"Act 2 Report: Government protocols tighten their grip on political reporting. Leaked files, misinformation, 
and newsroom distrust escalate as SyndiNet races to control the narrative.",anonymous_tip,celebrity,-1.0,0,0.74,True,False,0.72,0.0,0.2
976,"Act 2 Report: Government protocols tighten their grip on political reporting. Leaked files, misinformation, 
and newsroom distrust escalate as SyndiNet races to control the narrative.",anonymous_tip,military,-0.32,0,0.54,True,False,0.87,0.0,0.18
977,"Act 3 Report: Whistleblowers vanish, servers are wiped, and a secret alliance emerges between rival powers. 
The protagonist must choose whether to expose the truth or survive in silence.",foreign_press,politics,0.32,4,0.87,True,False,0.48,0.28,0.58
978,"Act 2 Report: Government protocols tighten their grip on political reporting. Leaked files, misinformation, 
and newsroom distrust escalate as SyndiNet races to control the narrative.",independent,protest,0.05,0,0.65,True,False,0.83,0.0,0.16
979,"Act 1 Report: The newsroom is overwhelmed as inconsistencies in a major celebrity scandal begin to surface. 
Evidence disappears, timelines blur, and editorial pressure pushes sensationalism over truth.",independent,health,-0.01,1,0.82,True,False,0.54,0.1,0.36
980,"Act 1 Report: The newsroom is overwhelmed as inconsistencies in a major celebrity scandal begin to surface. 
Evidence disappears, timelines blur, and editorial pressure pushes sensationalism over truth.",independent,celebrity,-0.9,0,0.74,True,False,0.8,0.0,0.15
981,"Act 2 Report: Government protocols tighten their grip on political reporting. Leaked files, misinformation, 
and newsroom distrust escalate as SyndiNet races to control the narrative.",independent,economy,0.24,2,0.85,True,False,0.76,0.0,0.26
982,"Act 3 Report: Whistleblowers vanish, servers are wiped, and a secret alliance emerges between rival powers. 
The protagonist must choose whether to expose the truth or survive in silence.",foreign_press,protest,-0.53,3,0.76,True,False,0.78,0.0,0.35
983,"Act 3 Report: Whistleblowers vanish, servers are wiped, and a secret alliance emerges between rival powers. 
The protagonist must choose whether to expose the truth or survive in silence.",anonymous_tip,politics,-0.27,2,0.57,True,False,0.66,0.15,0.44
984,"Act 1 Report: The newsroom is overwhelmed as inconsistencies in a major celebrity scandal begin to surface. 
Evidence disappears, timelines blur, and editorial pressure pushes sensationalism over truth.",anonymous_tip,economy,-0.74,2,0.76,True,True,0.93,0.0,0.18
985,"Act 2 Report: Government protocols tighten their grip on political reporting. Leaked files, misinformation, 
and newsroom distrust escalate as SyndiNet races to control the narrative.",anonymous_tip,military,-0.71,1,0.76,True,False,0.78,0.0,0.22
986,"Act 2 Report: Government protocols tighten their grip on political reporting. Leaked files, misinformation, 
and newsroom distrust escalate as SyndiNet races to control the narrative.",foreign_press,celebrity,0.06,3,0.7,False,False,0.82,0.0,0.35
987,"Act 1 Report: The newsroom is overwhelmed as inconsistencies in a major celebrity scandal begin to surface. 
Evidence disappears, timelines blur, and editorial pressure pushes sensationalism over truth.",foreign_press,military,-0.39,1,0.61,False,False,0.86,0.0,0.22
988,"Act 2 Report: Government protocols tighten their grip on political reporting. Leaked files, misinformation, 
and newsroom distrust escalate as SyndiNet races to control the narrative.",independent,economy,0.0,0,0.71,True,False,0.66,0.0,0.25
989,"Act 2 Report: Government protocols tighten their grip on political reporting. Leaked files, misinformation, 
and newsroom distrust escalate as SyndiNet races to control the narrative.",independent,health,-0.57,0,0.46,True,True,0.49,0.29,0.48
990,"Act 3 Report: Whistleblowers vanish, servers are wiped, and a secret alliance emerges between rival powers. 
The protagonist must choose whether to expose the truth or survive in silence.",anonymous_tip,celebrity,-0.25,1,0.88,True,True,0.43,0.17,0.41
991,"Act 1 Report: The newsroom is overwhelmed as inconsistencies in a major celebrity scandal begin to surface. 
Evidence disappears, timelines blur, and editorial pressure pushes sensationalism over truth.",foreign_press,politics,-0.69,0,0.48,True,True,0.46,0.3,0.48
992,"Act 2 Report: Government protocols tighten their grip on political reporting. Leaked files, misinformation, 
and newsroom distrust escalate as SyndiNet races to control the narrative.",independent,celebrity,-0.15,2,0.5,False,False,0.61,0.24,0.5
993,"Act 1 Report: The newsroom is overwhelmed as inconsistencies in a major celebrity scandal begin to surface. 
Evidence disappears, timelines blur, and editorial pressure pushes sensationalism over truth.",independent,protest,-0.39,0,0.53,True,False,0.65,0.08,0.33
994,"Act 2 Report: Government protocols tighten their grip on political reporting. Leaked files, misinformation, 
and newsroom distrust escalate as SyndiNet races to control the narrative.",independent,celebrity,-0.75,0,0.55,True,False,0.75,0.0,0.26
995,"Act 1 Report: The newsroom is overwhelmed as inconsistencies in a major celebrity scandal begin to surface. 
Evidence disappears, timelines blur, and editorial pressure pushes sensationalism over truth.",anonymous_tip,military,-0.99,0,0.68,True,False,0.41,0.25,0.44
996,"Act 2 Report: Government protocols tighten their grip on political reporting. Leaked files, misinformation, 
and newsroom distrust escalate as SyndiNet races to control the narrative.",state_media,politics,-1.0,1,0.74,True,True,0.75,0.0,0.25
997,"Act 3 Report: Whistleblowers vanish, servers are wiped, and a secret alliance emerges between rival powers. 
The protagonist must choose whether to expose the truth or survive in silence.",foreign_press,celebrity,-0.94,0,0.97,False,False,0.92,0.0,0.0
998,"Act 1 Report: The newsroom is overwhelmed as inconsistencies in a major celebrity scandal begin to surface. 
Evidence disappears, timelines blur, and editorial pressure pushes sensationalism over truth.",independent,economy,-0.23,0,0.35,True,False,0.89,0.0,0.24
999,"Act 3 Report: Whistleblowers vanish, servers are wiped, and a secret alliance emerges between rival powers. 
The protagonist must choose whether to expose the truth or survive in silence.",anonymous_tip,politics,-1.0,1,0.78,True,False,0.74,0.0,0.24
1000,"Act 3 Report: Whistleblowers vanish, servers are wiped, and a secret alliance emerges between rival powers. 
The protagonist must choose whether to expose the truth or survive in silence.",state_media,celebrity,-0.34,4,0.93,True,False,0.87,0.0,0.29
