id,headline,source_type,topic,sentiment_score,evidence_count,contradiction_score,editorial_flag,leak_indicator,propaganda_pattern_score,source_reliability,truth_probability
1,Exclusive Report: Vaccine Data Discrepancies,state_media,health,0.2,4,0.23,True,False,0.42,0.67,0.88
2,Scandal Surge in Cases Raises Alarm,state_media,health,-0.19,6,0.23,False,False,0.07,1.0,1.0
3,Update Report: Actor Faces Allegations,state_media,celebrity,-0.36,2,0.51,True,False,0.18,0.67,0.81
4,Insider Demonstrations Under Review,independent,protest,-0.24,4,0.09,False,False,0.54,0.61,0.85
5,Exclusive Audit Reveals Missing Funds,foreign_press,economy,-0.53,5,0.36,False,True,0.27,0.8,1.0
6,Breaking Briefing: Border Operations Escalate,foreign_press,military,-0.18,7,0.54,True,False,0.13,0.95,1.0
7,Update Interview Sparks Debate,anonymous_tip,celebrity,0.41,6,0.17,True,False,0.21,1.0,1.0
8,Insider Report: Actor Faces Allegations,anonymous_tip,celebrity,0.33,7,0.18,False,False,0.2,1.0,1.0
9,Breaking Demonstrations Under Review,foreign_press,protest,-1.0,6,0.31,False,False,0.2,0.94,1.0
10,Breaking Report: Vaccine Data Discrepancies,state_media,health,-0.32,3,0.37,True,False,0.2,0.76,0.91
11,Breaking Memo Exposes Policy Rift,state_media,politics,-0.28,4,0.36,False,False,0.29,0.73,0.92
12,Scandal Briefing: Border Operations Escalate,foreign_press,military,-0.14,3,0.21,False,False,0.31,0.74,0.9
13,Update Demonstrations Under Review,independent,protest,-0.77,4,0.12,True,False,0.21,0.93,1.0
14,Exclusive Report: Vaccine Data Discrepancies,foreign_press,health,0.46,6,0.5,False,False,0.19,0.87,1.0
15,Update Footage Questions Official Claims,anonymous_tip,military,-0.4,3,0.33,False,False,0.07,0.92,1.0
16,Insider Memo Exposes Policy Rift,anonymous_tip,politics,-0.37,8,0.17,False,False,0.54,0.77,1.0
17,Breaking Footage Questions Official Claims,independent,military,-0.64,5,0.24,False,False,0.31,0.82,1.0
18,Exclusive March Footage Removed Online,anonymous_tip,protest,-0.27,5,0.39,False,False,0.48,0.57,0.84
19,Exclusive Interview Sparks Debate,state_media,celebrity,-0.39,6,0.54,False,False,0.23,0.8,1.0
20,Insider March Footage Removed Online,state_media,protest,-0.36,3,0.22,False,False,0.16,0.87,1.0
21,Update March Footage Removed Online,state_media,protest,0.25,3,0.1,False,False,0.18,0.92,1.0
22,Insider Report: Vaccine Data Discrepancies,foreign_press,health,0.19,4,0.27,True,False,0.44,0.62,0.85
23,Update Report: Vaccine Data Discrepancies,foreign_press,health,-0.35,5,0.4,False,False,0.32,0.73,0.95
24,Exclusive Report: Vaccine Data Discrepancies,foreign_press,health,0.21,6,0.11,False,False,0.34,0.9,1.0
25,Update Briefing: Border Operations Escalate,independent,military,-0.31,4,0.19,False,False,0.58,0.53,0.79
26,Breaking March Footage Removed Online,foreign_press,protest,-0.19,7,0.39,False,False,0.15,1.0,1.0
27,Scandal Memo Exposes Policy Rift,state_media,politics,0.86,6,0.03,False,False,0.16,1.0,1.0
28,Update Report: Vaccine Data Discrepancies,anonymous_tip,health,0.2,6,0.12,False,False,0.48,0.76,1.0
29,Update Statement Raises Concerns,anonymous_tip,politics,0.85,7,0.09,False,False,0.26,1.0,1.0
30,Breaking Statement Raises Concerns,independent,politics,-1.0,2,0.36,False,False,0.19,0.73,0.86
31,Breaking Demonstrations Under Review,anonymous_tip,protest,0.47,5,0.11,True,False,0.31,0.88,1.0
32,Scandal Demonstrations Under Review,independent,protest,0.63,2,0.04,False,True,0.22,0.86,0.97
33,Exclusive Interview Sparks Debate,state_media,celebrity,0.34,6,0.39,False,True,0.29,0.81,1.0
34,Update Surge in Cases Raises Alarm,anonymous_tip,health,0.24,1,0.08,False,False,0.18,0.83,0.91
35,Scandal Statement Raises Concerns,anonymous_tip,politics,0.33,5,0.34,False,False,0.19,0.89,1.0
36,Scandal Briefing: Border Operations Escalate,anonymous_tip,military,-0.05,8,0.55,False,False,0.08,1.0,1.0
37,Scandal Report: Actor Faces Allegations,anonymous_tip,celebrity,0.25,3,0.19,False,False,0.21,0.85,0.98
38,Exclusive Statement Raises Concerns,independent,politics,-0.23,4,0.34,False,False,0.48,0.55,0.8
39,Update Report: Inflation Data Withheld,independent,economy,-0.56,3,0.43,False,True,0.49,0.45,0.69
40,Exclusive Report: Actor Faces Allegations,state_media,celebrity,-0.4,3,0.23,False,False,0.15,0.88,1.0
41,Scandal Report: Inflation Data Withheld,anonymous_tip,economy,0.16,4,0.31,False,False,0.26,0.78,0.96
42,Insider Audit Reveals Missing Funds,state_media,economy,0.2,4,0.44,False,False,0.15,0.83,0.99
43,Scandal Report: Inflation Data Withheld,anonymous_tip,economy,-0.32,4,0.12,True,False,0.26,0.88,1.0
44,Update Report: Vaccine Data Discrepancies,foreign_press,health,0.75,6,0.58,True,False,0.41,0.6,0.88
45,Scandal Report: Actor Faces Allegations,state_media,celebrity,-0.19,5,0.12,False,True,0.45,0.74,0.97
46,Update Report: Inflation Data Withheld,state_media,economy,0.02,4,0.06,False,False,0.54,0.63,0.86
47,Update March Footage Removed Online,state_media,protest,0.51,5,0.44,False,False,0.3,0.73,0.95
48,Breaking Footage Questions Official Claims,independent,military,0.39,7,0.3,False,False,0.06,1.0,1.0
49,Scandal Memo Exposes Policy Rift,foreign_press,politics,0.29,4,0.68,False,False,0.52,0.34,0.63
50,Breaking Report: Inflation Data Withheld,state_media,economy,-0.04,4,0.22,True,False,0.14,0.95,1.0
51,Exclusive Footage Questions Official Claims,state_media,military,0.38,4,0.24,False,False,0.16,0.92,1.0
52,Update Demonstrations Under Review,foreign_press,protest,-0.41,5,0.03,False,False,0.31,0.93,1.0
53,Exclusive Surge in Cases Raises Alarm,foreign_press,health,-0.09,3,0.38,False,False,0.01,0.95,1.0
54,Breaking Report: Actor Faces Allegations,state_media,celebrity,-0.1,6,0.04,False,False,0.64,0.64,0.93
55,Breaking Surge in Cases Raises Alarm,foreign_press,health,0.08,4,0.32,False,False,0.06,0.98,1.0
56,Breaking Briefing: Border Operations Escalate,state_media,military,0.35,3,0.16,True,False,0.45,0.62,0.82
57,Breaking Report: Actor Faces Allegations,foreign_press,celebrity,-0.55,1,0.59,False,False,0.42,0.33,0.53
58,Scandal Report: Vaccine Data Discrepancies,anonymous_tip,health,-0.19,3,0.18,False,False,0.16,0.9,1.0
59,Update Report: Actor Faces Allegations,independent,celebrity,-0.36,5,0.26,False,False,0.27,0.85,1.0
60,Scandal Audit Reveals Missing Funds,independent,economy,0.22,3,0.26,True,False,0.22,0.8,0.94
61,Update Statement Raises Concerns,independent,politics,-0.66,10,0.1,False,False,0.14,1.0,1.0
62,Exclusive Demonstrations Under Review,independent,protest,-0.23,7,0.72,False,False,0.13,0.86,1.0
63,Insider Report: Inflation Data Withheld,state_media,economy,-0.24,5,0.46,True,False,0.18,0.84,1.0
64,Scandal Footage Questions Official Claims,independent,military,-0.17,0,0.22,False,False,0.42,0.48,0.62
65,Breaking Memo Exposes Policy Rift,independent,politics,-0.14,1,0.2,False,False,0.06,0.89,0.95
66,Breaking Memo Exposes Policy Rift,state_media,politics,0.46,6,0.43,False,False,0.23,0.85,1.0
67,Update Footage Questions Official Claims,foreign_press,military,-0.34,8,0.24,False,False,0.21,1.0,1.0
68,Update Interview Sparks Debate,state_media,celebrity,-0.39,4,0.13,False,False,0.56,0.57,0.82
69,Breaking Interview Sparks Debate,state_media,celebrity,-0.5,5,0.32,False,False,0.12,0.97,1.0
70,Breaking Demonstrations Under Review,state_media,protest,0.05,8,0.45,False,False,0.21,0.97,1.0
71,Update Report: Vaccine Data Discrepancies,anonymous_tip,health,-0.2,4,0.38,True,False,0.45,0.56,0.8
72,Breaking Footage Questions Official Claims,anonymous_tip,military,-0.17,6,0.17,True,False,0.39,0.82,1.0
73,Breaking Surge in Cases Raises Alarm,state_media,health,-1.0,4,0.18,False,False,0.1,1.0,1.0
74,Exclusive Footage Questions Official Claims,anonymous_tip,military,0.02,3,0.43,False,False,0.24,0.69,0.86
75,Update Surge in Cases Raises Alarm,anonymous_tip,health,0.04,7,0.01,False,False,0.07,1.0,1.0
76,Update Audit Reveals Missing Funds,state_media,economy,-0.31,4,0.18,False,False,0.38,0.73,0.93
77,Insider Report: Inflation Data Withheld,anonymous_tip,economy,-0.45,5,0.38,False,False,0.3,0.76,0.97
78,Update Surge in Cases Raises Alarm,state_media,health,0.18,8,0.1,False,False,0.19,1.0,1.0
79,Exclusive Report: Actor Faces Allegations,independent,celebrity,-0.5,2,0.29,False,False,0.64,0.32,0.57
80,Scandal Interview Sparks Debate,state_media,celebrity,0.68,6,0.29,False,False,0.41,0.75,1.0
81,Insider Report: Inflation Data Withheld,independent,economy,0.3,2,0.26,False,False,0.09,0.88,0.97
82,Scandal Statement Raises Concerns,state_media,politics,0.19,8,0.73,False,False,0.08,0.96,1.0
83,Insider Memo Exposes Policy Rift,independent,politics,-0.29,2,0.46,False,False,0.14,0.73,0.85
84,Exclusive March Footage Removed Online,independent,protest,1.0,5,0.35,False,False,0.19,0.88,1.0
85,Update Surge in Cases Raises Alarm,foreign_press,health,-0.28,5,0.27,False,False,0.46,0.65,0.9
86,Insider March Footage Removed Online,anonymous_tip,protest,0.39,1,0.45,False,False,0.32,0.51,0.66
87,Update Footage Questions Official Claims,independent,military,0.24,7,0.43,False,False,0.31,0.83,1.0
88,Breaking Report: Vaccine Data Discrepancies,independent,health,-0.43,7,0.2,False,True,0.47,0.78,1.0
89,Exclusive Briefing: Border Operations Escalate,foreign_press,military,-0.17,4,0.35,False,False,0.28,0.75,0.94
90,Scandal Statement Raises Concerns,anonymous_tip,politics,0.41,2,0.23,False,False,0.19,0.79,0.91
91,Exclusive Audit Reveals Missing Funds,foreign_press,economy,-0.21,7,0.63,False,False,0.12,0.92,1.0
92,Insider Audit Reveals Missing Funds,state_media,economy,-0.17,4,0.14,False,False,0.24,0.89,1.0
93,Insider Report: Actor Faces Allegations,foreign_press,celebrity,0.39,4,0.2,False,False,0.25,0.85,1.0
94,Insider Audit Reveals Missing Funds,independent,economy,-0.26,3,0.22,False,False,0.55,0.5,0.73
95,Exclusive Report: Vaccine Data Discrepancies,anonymous_tip,health,-0.22,6,0.48,False,False,0.2,0.86,1.0
96,Insider Report: Inflation Data Withheld,state_media,economy,0.11,5,0.2,True,False,0.12,1.0,1.0
97,Breaking Interview Sparks Debate,foreign_press,celebrity,-0.21,5,0.18,False,False,0.13,1.0,1.0
98,Breaking Report: Inflation Data Withheld,foreign_press,economy,0.23,4,0.25,False,False,0.34,0.74,0.93
99,Breaking Report: Inflation Data Withheld,state_media,economy,0.55,6,0.23,False,True,0.36,0.83,1.0
100,Scandal Report: Vaccine Data Discrepancies,state_media,health,0.08,5,0.07,False,False,0.2,1.0,1.0
101,Insider Memo Exposes Policy Rift,state_media,politics,-0.04,5,0.34,False,False,0.18,0.9,1.0
102,Breaking Demonstrations Under Review,independent,protest,0.05,3,0.64,False,False,0.16,0.67,0.83
103,Breaking Demonstrations Under Review,state_media,protest,0.63,4,0.32,False,False,0.09,0.94,1.0
104,Insider March Footage Removed Online,state_media,protest,-0.51,6,0.37,False,False,0.18,0.93,1.0
105,Exclusive Report: Vaccine Data Discrepancies,independent,health,0.14,5,0.24,True,False,0.4,0.74,0.96
106,Scandal Report: Vaccine Data Discrepancies,foreign_press,health,0.18,5,0.34,False,False,0.45,0.63,0.88
107,Breaking Briefing: Border Operations Escalate,anonymous_tip,military,0.72,3,0.2,False,True,0.2,0.85,0.98
108,Insider Report: Inflation Data Withheld,anonymous_tip,economy,-0.97,7,0.18,True,False,0.26,1.0,1.0
109,Breaking Audit Reveals Missing Funds,independent,economy,-0.46,6,0.5,False,False,0.06,0.99,1.0
110,Breaking Report: Inflation Data Withheld,anonymous_tip,economy,-0.11,6,0.24,False,False,0.4,0.78,1.0
111,Insider Interview Sparks Debate,foreign_press,celebrity,-0.26,5,0.27,False,False,0.12,1.0,1.0
112,Insider Briefing: Border Operations Escalate,state_media,military,0.08,5,0.65,False,False,0.16,0.76,0.96
113,Breaking Briefing: Border Operations Escalate,foreign_press,military,-0.23,10,0.25,False,False,0.31,1.0,1.0
114,Insider Demonstrations Under Review,independent,protest,-0.67,6,0.55,True,False,0.07,0.95,1.0
115,Scandal Report: Vaccine Data Discrepancies,anonymous_tip,health,0.42,4,0.55,False,False,0.26,0.66,0.86
116,Update Footage Questions Official Claims,independent,military,0.55,5,0.21,False,False,0.17,0.98,1.0
117,Breaking Audit Reveals Missing Funds,foreign_press,economy,0.47,4,0.31,False,False,0.1,0.94,1.0
118,Scandal Report: Vaccine Data Discrepancies,anonymous_tip,health,0.46,1,0.22,False,False,0.2,0.75,0.84
119,Exclusive Briefing: Border Operations Escalate,state_media,military,-0.17,3,0.38,False,False,0.45,0.51,0.73
120,Update Statement Raises Concerns,anonymous_tip,politics,0.1,4,0.14,False,False,0.21,0.92,1.0
121,Breaking Report: Actor Faces Allegations,independent,celebrity,-0.03,3,0.19,False,False,0.17,0.89,1.0
122,Update Surge in Cases Raises Alarm,independent,health,-0.06,3,0.43,False,False,0.45,0.48,0.71
123,Scandal Report: Vaccine Data Discrepancies,independent,health,0.2,4,0.53,False,False,0.31,0.62,0.83
124,Exclusive Demonstrations Under Review,foreign_press,protest,0.47,2,0.47,False,False,0.16,0.7,0.83
125,Insider Briefing: Border Operations Escalate,anonymous_tip,military,0.13,5,0.51,True,True,0.35,0.65,0.89
126,Breaking Demonstrations Under Review,state_media,protest,0.28,7,0.24,True,False,0.16,1.0,1.0
127,Update Memo Exposes Policy Rift,state_media,politics,-0.34,1,0.12,False,False,0.32,0.67,0.79
128,Update March Footage Removed Online,anonymous_tip,protest,-0.13,4,0.42,False,False,0.04,0.95,1.0
129,Exclusive Briefing: Border Operations Escalate,state_media,military,0.23,4,0.41,False,False,0.32,0.68,0.88
130,Scandal Briefing: Border Operations Escalate,state_media,military,-0.44,1,0.44,True,False,0.35,0.48,0.65
131,Breaking Report: Actor Faces Allegations,anonymous_tip,celebrity,-0.39,8,0.5,False,False,0.31,0.84,1.0
132,Insider Memo Exposes Policy Rift,foreign_press,politics,0.55,5,0.28,False,False,0.43,0.68,0.92
133,Update Report: Vaccine Data Discrepancies,independent,health,0.7,4,0.46,False,False,0.48,0.49,0.74
134,Breaking Report: Inflation Data Withheld,state_media,economy,0.11,9,0.08,False,False,0.32,1.0,1.0
135,Update Interview Sparks Debate,state_media,celebrity,-0.06,1,0.31,True,False,0.71,0.18,0.44
136,Insider Audit Reveals Missing Funds,state_media,economy,0.66,6,0.37,False,False,0.58,0.54,0.85
137,Insider March Footage Removed Online,anonymous_tip,protest,-0.41,3,0.22,False,False,0.19,0.86,0.98
138,Update Demonstrations Under Review,foreign_press,protest,0.15,6,0.63,True,False,0.21,0.77,1.0
139,Exclusive Surge in Cases Raises Alarm,foreign_press,health,-0.37,3,0.35,False,False,0.59,0.39,0.65
140,Update March Footage Removed Online,anonymous_tip,protest,-0.13,5,0.2,False,False,0.31,0.84,1.0
141,Insider Surge in Cases Raises Alarm,anonymous_tip,health,-0.06,2,0.31,False,False,0.3,0.64,0.8
142,Insider Footage Questions Official Claims,state_media,military,1.0,5,0.26,False,False,0.23,0.9,1.0
143,Insider Report: Vaccine Data Discrepancies,anonymous_tip,health,0.13,3,0.19,False,False,0.09,0.96,1.0
144,Insider Briefing: Border Operations Escalate,foreign_press,military,0.19,9,0.22,False,False,0.12,1.0,1.0
145,Breaking Surge in Cases Raises Alarm,anonymous_tip,health,-0.07,6,0.27,False,False,0.07,1.0,1.0
146,Update Report: Vaccine Data Discrepancies,anonymous_tip,health,0.24,3,0.35,False,False,0.32,0.66,0.84
147,Scandal Briefing: Border Operations Escalate,anonymous_tip,military,-0.25,4,0.19,False,False,0.23,0.87,1.0
148,Insider Report: Vaccine Data Discrepancies,independent,health,-1.0,6,0.1,False,True,0.28,0.98,1.0
149,Exclusive Statement Raises Concerns,state_media,politics,-0.23,0,0.16,False,False,0.21,0.71,0.79
150,Insider Surge in Cases Raises Alarm,foreign_press,health,0.48,4,0.36,False,False,0.13,0.89,1.0
151,Update Memo Exposes Policy Rift,anonymous_tip,politics,0.59,4,0.11,False,False,0.42,0.72,0.92
152,Breaking Interview Sparks Debate,foreign_press,celebrity,0.86,3,0.35,False,False,0.35,0.63,0.82
153,Update Interview Sparks Debate,foreign_press,celebrity,0.81,5,0.2,False,False,0.14,1.0,1.0
154,Update Statement Raises Concerns,anonymous_tip,politics,-0.42,6,0.37,False,False,0.51,0.61,0.9
155,Exclusive Audit Reveals Missing Funds,foreign_press,economy,-0.13,4,0.4,False,False,0.12,0.88,1.0
156,Insider Statement Raises Concerns,anonymous_tip,politics,0.61,6,0.25,True,False,0.29,0.88,1.0
157,Update Surge in Cases Raises Alarm,independent,health,-0.09,4,0.24,False,True,0.22,0.86,1.0
158,Scandal Report: Actor Faces Allegations,anonymous_tip,celebrity,0.2,6,0.26,True,False,0.4,0.77,1.0
159,Breaking Audit Reveals Missing Funds,independent,economy,0.5,5,0.18,True,False,0.58,0.58,0.85
160,Update March Footage Removed Online,anonymous_tip,protest,0.52,6,0.38,False,False,0.32,0.8,1.0
161,Scandal Briefing: Border Operations Escalate,anonymous_tip,military,0.67,5,0.09,False,True,0.24,0.96,1.0
162,Insider Report: Vaccine Data Discrepancies,foreign_press,health,-0.31,6,0.21,False,False,0.42,0.78,1.0
163,Scandal Report: Vaccine Data Discrepancies,state_media,health,0.69,4,0.22,False,False,0.04,1.0,1.0
164,Exclusive Briefing: Border Operations Escalate,state_media,military,-0.22,10,0.17,False,False,0.43,0.98,1.0
165,Exclusive Demonstrations Under Review,anonymous_tip,protest,0.31,3,0.15,False,False,0.28,0.8,0.94
166,Update Report: Actor Faces Allegations,anonymous_tip,celebrity,-0.46,4,0.35,False,False,0.48,0.54,0.79
167,Scandal Statement Raises Concerns,anonymous_tip,politics,0.74,4,0.34,False,False,0.49,0.54,0.79
168,Update Footage Questions Official Claims,independent,military,-0.45,3,0.35,True,False,0.2,0.77,0.92
169,Breaking Report: Vaccine Data Discrepancies,anonymous_tip,health,-0.21,2,0.26,False,False,0.6,0.37,0.61
170,Breaking Audit Reveals Missing Funds,anonymous_tip,economy,0.19,5,0.19,True,False,0.25,0.9,1.0
171,Insider Surge in Cases Raises Alarm,foreign_press,health,0.15,4,0.5,True,False,0.43,0.52,0.76
172,Breaking Report: Actor Faces Allegations,state_media,celebrity,0.35,5,0.47,False,False,0.14,0.88,1.0
173,Breaking Demonstrations Under Review,foreign_press,protest,-0.5,2,0.04,False,False,0.22,0.86,0.96
174,Breaking Surge in Cases Raises Alarm,state_media,health,-0.41,5,0.27,False,False,0.14,0.97,1.0
175,Breaking Interview Sparks Debate,foreign_press,celebrity,0.17,6,0.03,False,True,0.34,0.94,1.0
176,Update Surge in Cases Raises Alarm,anonymous_tip,health,-0.26,3,0.28,True,False,0.34,0.67,0.85
177,Insider March Footage Removed Online,foreign_press,protest,-0.12,1,0.41,False,False,0.39,0.45,0.63
178,Scandal Report: Vaccine Data Discrepancies,foreign_press,health,0.05,2,0.48,False,False,0.13,0.73,0.85
179,Breaking Memo Exposes Policy Rift,anonymous_tip,politics,0.19,3,0.12,False,False,0.25,0.84,0.98
180,Breaking Audit Reveals Missing Funds,state_media,economy,-0.38,5,0.69,False,False,0.17,0.74,0.94
181,Scandal Demonstrations Under Review,anonymous_tip,protest,-0.42,5,0.17,False,False,0.23,0.94,1.0
182,Breaking Report: Inflation Data Withheld,state_media,economy,0.08,4,0.35,False,False,0.08,0.95,1.0
183,Breaking Surge in Cases Raises Alarm,state_media,health,-0.85,3,0.46,False,False,0.34,0.58,0.78
184,Insider Report: Actor Faces Allegations,independent,celebrity,-0.16,3,0.54,True,True,0.47,0.41,0.66
185,Insider Interview Sparks Debate,independent,celebrity,-0.36,5,0.07,False,False,0.33,0.88,1.0
186,Insider Report: Vaccine Data Discrepancies,anonymous_tip,health,0.35,2,0.15,False,False,0.32,0.7,0.85
187,Breaking Report: Inflation Data Withheld,anonymous_tip,economy,0.25,7,0.35,False,False,0.34,0.83,1.0
188,Scandal Audit Reveals Missing Funds,anonymous_tip,economy,-0.87,6,0.19,False,False,0.42,0.78,1.0
189,Scandal March Footage Removed Online,foreign_press,protest,0.3,6,0.09,True,False,0.18,1.0,1.0
190,Scandal Report: Actor Faces Allegations,independent,celebrity,-0.01,4,0.6,False,False,0.25,0.65,0.85
191,Exclusive Briefing: Border Operations Escalate,independent,military,-0.04,4,0.19,False,False,0.12,0.98,1.0
192,Exclusive March Footage Removed Online,independent,protest,0.39,6,0.21,False,False,0.36,0.84,1.0
193,Exclusive Statement Raises Concerns,state_media,politics,-0.05,6,0.37,False,False,0.47,0.65,0.92
194,Scandal Statement Raises Concerns,state_media,politics,0.87,4,0.23,False,True,0.16,0.92,1.0
195,Exclusive Statement Raises Concerns,foreign_press,politics,-0.24,4,0.26,True,False,0.09,0.98,1.0
196,Breaking Demonstrations Under Review,state_media,protest,0.03,2,0.29,False,False,0.26,0.7,0.84
197,Update Audit Reveals Missing Funds,independent,economy,-0.3,5,0.33,False,True,0.07,1.0,1.0
198,Insider Audit Reveals Missing Funds,state_media,economy,0.2,6,0.22,True,False,0.17,1.0,1.0
199,Scandal Report: Vaccine Data Discrepancies,state_media,health,0.36,3,0.03,False,False,0.14,0.99,1.0
200,Update Footage Questions Official Claims,independent,military,-0.26,7,0.45,True,False,0.19,0.93,1.0
201,Scandal Report: Inflation Data Withheld,foreign_press,economy,0.11,5,0.16,False,False,0.28,0.89,1.0
202,Insider Surge in Cases Raises Alarm,independent,health,0.04,1,0.28,False,False,0.47,0.43,0.62
203,Insider Audit Reveals Missing Funds,anonymous_tip,economy,0.37,4,0.45,False,True,0.23,0.74,0.92
204,Insider Report: Vaccine Data Discrepancies,foreign_press,health,-0.7,8,0.52,False,False,0.23,0.91,1.0
205,Breaking Report: Actor Faces Allegations,state_media,celebrity,0.31,5,0.29,True,True,0.17,0.94,1.0
206,Breaking Demonstrations Under Review,state_media,protest,0.65,8,0.23,False,False,0.3,0.98,1.0
207,Insider Report: Inflation Data Withheld,foreign_press,economy,-0.04,2,0.23,False,False,0.43,0.56,0.74
208,Exclusive Briefing: Border Operations Escalate,foreign_press,military,-0.13,1,0.13,False,False,0.23,0.75,0.85
209,Update Surge in Cases Raises Alarm,anonymous_tip,health,0.2,2,0.15,False,False,0.42,0.6,0.78
210,Update Report: Actor Faces Allegations,foreign_press,celebrity,0.3,4,0.13,False,False,0.26,0.88,1.0
211,Breaking March Footage Removed Online,foreign_press,protest,-0.19,4,0.79,True,False,0.26,0.55,0.77
212,Insider Briefing: Border Operations Escalate,state_media,military,0.12,4,0.34,True,False,0.32,0.71,0.9
213,Insider Statement Raises Concerns,state_media,politics,-0.71,7,0.18,True,False,0.01,1.0,1.0
214,Breaking Report: Inflation Data Withheld,foreign_press,economy,-0.02,5,0.28,True,False,0.25,0.86,1.0
215,Scandal Interview Sparks Debate,independent,celebrity,0.24,0,0.34,True,False,0.34,0.49,0.63
216,Breaking Report: Inflation Data Withheld,anonymous_tip,economy,-0.39,2,0.13,False,False,0.35,0.68,0.83
217,Update March Footage Removed Online,state_media,protest,0.29,6,0.15,False,False,0.37,0.86,1.0
218,Update Demonstrations Under Review,foreign_press,protest,-0.01,3,0.31,True,False,0.17,0.82,0.95
219,Exclusive Interview Sparks Debate,independent,celebrity,-0.76,5,0.35,False,False,0.09,0.98,1.0
220,Insider Briefing: Border Operations Escalate,foreign_press,military,0.33,4,0.47,True,False,0.25,0.72,0.91
221,Update Statement Raises Concerns,anonymous_tip,politics,-1.0,5,0.4,False,False,0.51,0.54,0.82
222,Scandal Interview Sparks Debate,anonymous_tip,celebrity,0.42,10,0.38,False,True,0.19,1.0,1.0
223,Insider Interview Sparks Debate,foreign_press,celebrity,-0.33,7,0.26,False,False,0.2,1.0,1.0
224,Update Interview Sparks Debate,anonymous_tip,celebrity,0.33,3,0.19,True,False,0.14,0.91,1.0
225,Exclusive Surge in Cases Raises Alarm,foreign_press,health,0.34,4,0.33,True,False,0.02,1.0,1.0
226,Breaking March Footage Removed Online,anonymous_tip,protest,0.39,7,0.26,False,False,0.25,0.97,1.0
227,Scandal Memo Exposes Policy Rift,foreign_press,politics,0.0,6,0.25,False,True,0.2,0.98,1.0
228,Exclusive Briefing: Border Operations Escalate,foreign_press,military,0.13,5,0.5,False,False,0.5,0.5,0.79
229,Exclusive Report: Actor Faces Allegations,independent,celebrity,0.15,3,0.09,False,False,0.11,0.99,1.0
230,Update Statement Raises Concerns,anonymous_tip,politics,-0.22,4,0.38,False,False,0.33,0.68,0.88
231,Exclusive Surge in Cases Raises Alarm,foreign_press,health,0.97,6,0.28,False,False,0.07,1.0,1.0
232,Breaking Report: Actor Faces Allegations,anonymous_tip,celebrity,0.18,5,0.31,False,False,0.17,0.93,1.0
233,Scandal Footage Questions Official Claims,state_media,military,0.07,5,0.27,False,False,0.1,1.0,1.0
234,Scandal Footage Questions Official Claims,state_media,military,-0.04,1,0.14,False,False,0.25,0.74,0.84
235,Exclusive Audit Reveals Missing Funds,state_media,economy,-0.5,3,0.23,False,False,0.1,0.93,1.0
236,Insider Demonstrations Under Review,anonymous_tip,protest,0.63,2,0.25,False,False,0.42,0.55,0.74
237,Exclusive Footage Questions Official Claims,state_media,military,-0.33,9,0.06,False,False,0.27,1.0,1.0
238,Insider Audit Reveals Missing Funds,independent,economy,-0.88,8,0.09,False,False,0.16,1.0,1.0
239,Scandal Footage Questions Official Claims,state_media,military,-0.64,5,0.72,False,False,0.33,0.56,0.82
240,Update Report: Actor Faces Allegations,anonymous_tip,celebrity,0.72,4,0.54,False,False,0.45,0.49,0.74
241,Breaking Footage Questions Official Claims,state_media,military,-0.5,6,0.45,False,False,0.2,0.87,1.0
242,Scandal Surge in Cases Raises Alarm,anonymous_tip,health,-0.14,3,0.4,True,False,0.11,0.85,0.97
243,Exclusive Demonstrations Under Review,anonymous_tip,protest,-0.75,7,0.12,False,False,0.08,1.0,1.0
244,Breaking Report: Vaccine Data Discrepancies,anonymous_tip,health,0.01,3,0.16,False,True,0.74,0.33,0.62
245,Exclusive Memo Exposes Policy Rift,foreign_press,politics,-0.36,2,0.17,False,False,0.08,0.93,1.0
246,Update Memo Exposes Policy Rift,state_media,politics,0.35,4,0.2,False,False,0.26,0.84,1.0
247,Update Surge in Cases Raises Alarm,foreign_press,health,0.13,6,0.02,False,False,0.09,1.0,1.0
248,Update Memo Exposes Policy Rift,independent,politics,-0.46,4,0.32,True,False,0.1,0.95,1.0
249,Exclusive Surge in Cases Raises Alarm,anonymous_tip,health,-0.1,7,0.06,True,False,0.13,1.0,1.0
250,Exclusive Demonstrations Under Review,foreign_press,protest,0.56,1,0.43,False,False,0.25,0.59,0.72
251,Update Footage Questions Official Claims,anonymous_tip,military,-0.07,7,0.39,False,False,0.26,0.89,1.0
252,Insider Report: Inflation Data Withheld,foreign_press,economy,-0.25,2,0.09,False,False,0.38,0.67,0.83
253,Insider Statement Raises Concerns,independent,politics,0.27,5,0.21,False,True,0.43,0.72,0.95
254,Scandal March Footage Removed Online,state_media,protest,-0.14,5,0.46,False,False,0.14,0.88,1.0
255,Exclusive Interview Sparks Debate,independent,celebrity,-0.21,3,0.26,False,False,0.1,0.92,1.0
256,Scandal Interview Sparks Debate,independent,celebrity,0.25,7,0.59,False,False,0.4,0.65,0.95
257,Scandal Interview Sparks Debate,anonymous_tip,celebrity,-0.54,7,0.18,False,False,0.06,1.0,1.0
258,Breaking Memo Exposes Policy Rift,state_media,politics,-0.22,7,0.48,False,True,0.14,0.97,1.0
259,Exclusive Statement Raises Concerns,state_media,politics,-0.38,2,0.3,False,False,0.3,0.65,0.8
260,Exclusive Report: Inflation Data Withheld,state_media,economy,-0.37,3,0.24,False,True,0.17,0.86,0.98
261,Breaking Demonstrations Under Review,anonymous_tip,protest,0.07,4,0.17,True,False,0.38,0.74,0.93
262,Insider Report: Actor Faces Allegations,independent,celebrity,-0.46,1,0.3,False,False,0.26,0.64,0.77
263,Update Report: Actor Faces Allegations,anonymous_tip,celebrity,0.14,8,0.4,False,True,0.21,0.99,1.0
264,Breaking Report: Vaccine Data Discrepancies,independent,health,-0.02,4,0.33,False,True,0.25,0.79,0.96
265,Update March Footage Removed Online,anonymous_tip,protest,0.33,8,0.1,True,False,0.53,0.82,1.0
266,Insider Interview Sparks Debate,state_media,celebrity,0.11,5,0.44,False,False,0.17,0.86,1.0
267,Exclusive Briefing: Border Operations Escalate,state_media,military,-0.29,8,0.36,False,True,0.29,0.93,1.0
268,Breaking Demonstrations Under Review,foreign_press,protest,-0.5,5,0.44,True,False,0.31,0.72,0.94
269,Exclusive Report: Vaccine Data Discrepancies,anonymous_tip,health,-0.55,7,0.53,False,False,0.21,0.88,1.0
270,Exclusive Report: Actor Faces Allegations,anonymous_tip,celebrity,-0.31,4,0.05,True,False,0.05,1.0,1.0
271,Update Footage Questions Official Claims,foreign_press,military,0.58,3,0.14,False,False,0.35,0.73,0.9
272,Breaking Briefing: Border Operations Escalate,state_media,military,-0.24,5,0.12,False,False,0.07,1.0,1.0
273,Insider Surge in Cases Raises Alarm,foreign_press,health,-0.1,2,0.1,False,False,0.13,0.93,1.0
274,Exclusive Surge in Cases Raises Alarm,anonymous_tip,health,-0.13,5,0.15,False,False,0.09,1.0,1.0
275,Breaking Report: Vaccine Data Discrepancies,anonymous_tip,health,-0.37,5,0.61,False,False,0.04,0.91,1.0
276,Exclusive Surge in Cases Raises Alarm,anonymous_tip,health,0.17,4,0.12,True,False,0.38,0.76,0.95
277,Breaking Footage Questions Official Claims,state_media,military,0.16,5,0.08,True,False,0.52,0.69,0.94
278,Insider Demonstrations Under Review,anonymous_tip,protest,0.1,5,0.11,True,False,0.25,0.94,1.0
279,Scandal Report: Vaccine Data Discrepancies,foreign_press,health,-0.02,4,0.09,False,False,0.38,0.77,0.96
280,Exclusive Report: Vaccine Data Discrepancies,anonymous_tip,health,0.7,5,0.22,False,False,0.24,0.9,1.0
281,Breaking Statement Raises Concerns,anonymous_tip,politics,-0.03,4,0.48,True,True,0.54,0.42,0.7
282,Breaking Audit Reveals Missing Funds,state_media,economy,0.25,2,0.1,False,False,0.02,1.0,1.0
283,Insider Audit Reveals Missing Funds,state_media,economy,-0.46,5,0.44,False,False,0.47,0.56,0.83
284,Exclusive Surge in Cases Raises Alarm,foreign_press,health,0.56,7,0.54,False,False,0.18,0.9,1.0
285,Breaking March Footage Removed Online,anonymous_tip,protest,0.12,6,0.43,False,False,0.42,0.66,0.93
286,Exclusive Memo Exposes Policy Rift,foreign_press,politics,-0.26,3,0.16,False,False,0.51,0.55,0.78
287,Insider Memo Exposes Policy Rift,state_media,politics,0.61,7,0.49,False,False,0.55,0.56,0.89
288,Update Surge in Cases Raises Alarm,foreign_press,health,-0.36,2,0.29,False,False,0.14,0.82,0.92
289,Exclusive Footage Questions Official Claims,independent,military,0.23,3,0.44,False,False,0.05,0.88,0.99
290,Exclusive Demonstrations Under Review,independent,protest,-0.12,6,0.2,True,False,0.24,0.96,1.0
291,Insider Report: Inflation Data Withheld,state_media,economy,0.24,4,0.19,False,False,0.17,0.94,1.0
292,Insider March Footage Removed Online,state_media,protest,-0.52,7,0.32,True,False,0.4,0.79,1.0
293,Scandal Audit Reveals Missing Funds,state_media,economy,0.42,8,0.16,True,False,0.07,1.0,1.0
294,Update Report: Inflation Data Withheld,foreign_press,economy,-0.84,7,0.41,True,False,0.4,0.74,1.0
295,Scandal Memo Exposes Policy Rift,anonymous_tip,politics,0.59,5,0.07,False,False,0.34,0.88,1.0
296,Exclusive Footage Questions Official Claims,independent,military,0.67,4,0.57,True,False,0.19,0.72,0.9
297,Update March Footage Removed Online,foreign_press,protest,0.34,3,0.65,False,False,0.06,0.77,0.9
298,Exclusive Memo Exposes Policy Rift,foreign_press,politics,0.63,3,0.36,False,True,0.3,0.67,0.85
299,Scandal Memo Exposes Policy Rift,foreign_press,politics,-0.32,5,0.33,False,False,0.25,0.83,1.0
300,Insider Report: Actor Faces Allegations,foreign_press,celebrity,-0.3,3,0.2,False,False,0.23,0.82,0.96
301,Exclusive Audit Reveals Missing Funds,foreign_press,economy,0.19,3,0.48,False,False,0.25,0.66,0.83
302,Insider Footage Questions Official Claims,anonymous_tip,military,0.07,4,0.32,True,True,0.17,0.87,1.0
303,Breaking Audit Reveals Missing Funds,anonymous_tip,economy,0.12,2,0.27,False,False,0.04,0.93,1.0
304,Breaking Report: Vaccine Data Discrepancies,foreign_press,health,-0.22,2,0.01,False,False,0.35,0.75,0.89
305,Exclusive Briefing: Border Operations Escalate,independent,military,-0.77,2,0.19,False,False,0.41,0.59,0.77
306,Update Interview Sparks Debate,state_media,celebrity,-0.15,3,0.05,False,False,0.11,1.0,1.0
307,Breaking Memo Exposes Policy Rift,independent,politics,0.65,2,0.24,False,False,0.14,0.84,0.94
308,Breaking Statement Raises Concerns,anonymous_tip,politics,-0.33,5,0.31,False,False,0.37,0.72,0.95
309,Exclusive Report: Actor Faces Allegations,state_media,celebrity,-0.09,5,0.47,False,False,0.47,0.55,0.82
310,Update March Footage Removed Online,foreign_press,protest,-0.35,5,0.39,True,False,0.34,0.72,0.94
311,Breaking Footage Questions Official Claims,state_media,military,-0.36,3,0.4,False,False,0.15,0.8,0.94
312,Update Report: Inflation Data Withheld,foreign_press,economy,-0.2,7,0.2,True,True,0.11,1.0,1.0
313,Update Footage Questions Official Claims,foreign_press,military,-0.83,8,0.2,True,False,0.16,1.0,1.0
314,Breaking March Footage Removed Online,state_media,protest,-0.17,2,0.13,True,True,0.12,0.92,1.0
315,Update March Footage Removed Online,foreign_press,protest,-0.07,6,0.18,False,False,0.24,0.97,1.0
316,Breaking March Footage Removed Online,state_media,protest,-0.05,5,0.39,True,False,0.1,0.96,1.0
317,Exclusive March Footage Removed Online,anonymous_tip,protest,0.35,7,0.19,True,False,0.47,0.78,1.0
318,Breaking March Footage Removed Online,foreign_press,protest,0.26,4,0.45,True,False,0.71,0.27,0.59
319,Scandal March Footage Removed Online,anonymous_tip,protest,0.48,6,0.21,False,False,0.07,1.0,1.0
320,Scandal Footage Questions Official Claims,state_media,military,0.45,2,0.19,False,False,0.48,0.53,0.72
321,Exclusive Footage Questions Official Claims,independent,military,-0.73,5,0.05,False,False,0.39,0.84,1.0
322,Scandal Memo Exposes Policy Rift,independent,politics,0.22,5,0.2,True,False,0.1,1.0,1.0
323,Exclusive Interview Sparks Debate,anonymous_tip,celebrity,-0.05,5,0.06,False,False,0.47,0.75,0.98
324,Scandal Demonstrations Under Review,anonymous_tip,protest,0.03,1,0.61,False,False,0.17,0.58,0.7
325,Insider March Footage Removed Online,independent,protest,0.76,2,0.26,False,False,0.32,0.65,0.8
326,Update Footage Questions Official Claims,independent,military,-0.56,2,0.32,False,False,0.0,0.94,1.0
327,Exclusive Surge in Cases Raises Alarm,foreign_press,health,-0.19,3,0.02,False,False,0.68,0.46,0.71
328,Breaking March Footage Removed Online,foreign_press,protest,-0.26,5,0.3,False,False,0.24,0.86,1.0
329,Insider Surge in Cases Raises Alarm,independent,health,0.06,4,0.11,False,False,0.36,0.79,0.97
330,Update March Footage Removed Online,foreign_press,protest,-0.28,2,0.07,False,False,0.27,0.8,0.92
331,Breaking Report: Inflation Data Withheld,foreign_press,economy,-0.13,2,0.39,False,False,0.29,0.62,0.78
332,Breaking Footage Questions Official Claims,state_media,military,0.28,7,0.24,False,False,0.5,0.72,1.0
333,Update Statement Raises Concerns,independent,politics,-0.1,4,0.46,False,False,0.57,0.4,0.68
334,Restricted Memo Exposes Policy Rift,state_media,politics,-0.14,2,0.5,False,False,0.42,0.43,0.64
335,Confidential Surge in Cases Raises Alarm,independent,health,0.03,5,0.24,False,True,0.82,0.31,0.67
336,Leaked Report: Vaccine Data Discrepancies,anonymous_tip,health,0.03,0,0.71,True,False,0.33,0.32,0.49
337,Internal Audit Reveals Missing Funds,anonymous_tip,economy,-0.5,0,0.48,True,True,0.78,0.0,0.26
338,Hidden Briefing: Border Operations Escalate,state_media,military,0.33,2,0.52,False,True,0.49,0.35,0.58
339,Restricted Demonstrations Under Review,state_media,protest,-0.02,0,0.51,False,True,0.12,0.62,0.71
340,Internal Report: Inflation Data Withheld,anonymous_tip,economy,-0.01,4,0.43,True,False,0.89,0.1,0.47
341,Internal Interview Sparks Debate,foreign_press,celebrity,-0.35,4,0.06,False,True,0.62,0.55,0.81
342,Hidden Audit Reveals Missing Funds,anonymous_tip,economy,-0.48,6,0.37,False,True,0.66,0.45,0.79
343,Confidential Footage Questions Official Claims,independent,military,0.11,2,0.81,False,False,0.3,0.4,0.6
344,Internal Report: Vaccine Data Discrepancies,independent,health,0.01,3,0.59,True,False,0.5,0.35,0.61
345,Leaked Statement Raises Concerns,anonymous_tip,politics,0.53,2,0.43,False,False,0.23,0.65,0.8
346,Internal Report: Vaccine Data Discrepancies,state_media,health,-0.03,4,0.72,True,True,0.28,0.56,0.78
347,Internal Interview Sparks Debate,foreign_press,celebrity,-0.02,4,0.62,True,False,0.81,0.09,0.46
348,Restricted Briefing: Border Operations Escalate,state_media,military,0.09,4,0.25,True,False,0.47,0.6,0.84
349,Hidden Surge in Cases Raises Alarm,state_media,health,0.3,2,0.74,True,True,0.61,0.12,0.41
350,Internal Report: Vaccine Data Discrepancies,state_media,health,-0.7,6,0.91,False,False,0.58,0.27,0.63
351,Hidden Statement Raises Concerns,independent,politics,-0.49,6,0.44,True,False,0.77,0.31,0.69
352,Restricted Report: Inflation Data Withheld,anonymous_tip,economy,-0.48,5,0.82,False,False,0.77,0.06,0.46
353,Internal Report: Vaccine Data Discrepancies,state_media,health,-0.35,1,0.42,False,False,0.74,0.1,0.38
354,Hidden Demonstrations Under Review,state_media,protest,0.34,3,0.44,True,False,0.89,0.04,0.4
355,Confidential Demonstrations Under Review,independent,protest,0.15,0,0.51,True,False,0.28,0.47,0.6
356,Hidden Surge in Cases Raises Alarm,independent,health,-1.0,1,0.42,False,False,0.3,0.54,0.69
357,Hidden Report: Actor Faces Allegations,anonymous_tip,celebrity,-0.58,6,0.52,True,False,0.74,0.3,0.67
358,Leaked March Footage Removed Online,anonymous_tip,protest,-0.02,2,0.25,False,False,0.57,0.4,0.63
359,Leaked Footage Questions Official Claims,state_media,military,-0.59,1,0.48,False,False,0.23,0.58,0.71
360,Leaked Footage Questions Official Claims,state_media,military,-0.01,6,0.37,False,True,0.12,0.99,1.0
361,Confidential Interview Sparks Debate,foreign_press,celebrity,0.03,1,0.69,True,False,0.84,0.0,0.2
362,Confidential Report: Inflation Data Withheld,anonymous_tip,economy,0.29,5,0.32,False,False,0.42,0.67,0.91
363,Restricted Surge in Cases Raises Alarm,independent,health,-0.17,2,0.36,False,False,0.53,0.39,0.62
364,Leaked Demonstrations Under Review,independent,protest,-0.87,2,0.73,False,True,0.68,0.05,0.36
365,Hidden Footage Questions Official Claims,anonymous_tip,military,-0.15,7,0.71,False,False,0.27,0.72,0.99
366,Restricted Memo Exposes Policy Rift,independent,politics,-0.49,3,0.36,True,True,0.75,0.22,0.53
367,Leaked Report: Actor Faces Allegations,anonymous_tip,celebrity,-0.17,2,0.62,False,False,0.42,0.37,0.59
368,Hidden Memo Exposes Policy Rift,state_media,politics,0.4,2,0.3,True,True,0.52,0.43,0.65
369,Restricted Memo Exposes Policy Rift,state_media,politics,-1.0,3,0.67,True,True,0.52,0.29,0.56
370,Hidden Statement Raises Concerns,foreign_press,politics,-0.26,2,0.7,True,False,0.79,0.0,0.3
371,Hidden Demonstrations Under Review,foreign_press,protest,0.23,5,0.46,True,False,0.4,0.62,0.87
372,Hidden Report: Inflation Data Withheld,foreign_press,economy,0.16,5,0.71,True,False,0.31,0.58,0.83
373,Internal Surge in Cases Raises Alarm,anonymous_tip,health,-0.66,0,0.54,False,True,0.86,0.0,0.18
374,Internal March Footage Removed Online,foreign_press,protest,0.62,2,0.31,False,False,0.71,0.24,0.51
375,Restricted Statement Raises Concerns,anonymous_tip,politics,-0.73,2,0.63,True,True,0.6,0.18,0.46
376,Restricted Interview Sparks Debate,anonymous_tip,celebrity,-0.71,3,0.39,False,False,0.09,0.87,0.98
377,Confidential Statement Raises Concerns,foreign_press,politics,0.35,0,0.62,True,False,0.24,0.45,0.58
378,Hidden Report: Actor Faces Allegations,independent,celebrity,0.07,0,0.34,True,False,0.31,0.52,0.65
379,Hidden Report: Actor Faces Allegations,independent,celebrity,-0.22,1,0.28,False,False,0.46,0.45,0.63
380,Leaked Report: Inflation Data Withheld,independent,economy,-0.22,1,0.42,False,False,0.31,0.53,0.68
381,Restricted Memo Exposes Policy Rift,state_media,politics,-0.03,0,0.78,False,False,0.78,0.0,0.14
382,Confidential Audit Reveals Missing Funds,independent,economy,-0.67,0,0.24,False,False,0.47,0.4,0.57
383,Confidential March Footage Removed Online,foreign_press,protest,0.44,5,0.29,True,False,0.24,0.86,1.0
384,Restricted Interview Sparks Debate,anonymous_tip,celebrity,0.39,2,0.35,False,False,0.93,0.0,0.34
385,Restricted Briefing: Border Operations Escalate,anonymous_tip,military,-0.21,3,0.46,True,False,0.7,0.22,0.53
386,Restricted Footage Questions Official Claims,anonymous_tip,military,0.28,2,0.47,True,True,0.69,0.18,0.46
387,Internal March Footage Removed Online,independent,protest,0.32,3,0.74,True,False,0.18,0.6,0.78
388,Internal Report: Inflation Data Withheld,anonymous_tip,economy,0.33,1,0.52,True,False,0.17,0.62,0.74
389,Leaked Memo Exposes Policy Rift,anonymous_tip,politics,-0.36,5,0.38,True,False,0.4,0.66,0.9
390,Restricted Report: Actor Faces Allegations,state_media,celebrity,0.2,2,0.31,False,False,0.63,0.32,0.57
391,Internal Report: Vaccine Data Discrepancies,independent,health,0.23,4,0.43,True,False,0.75,0.24,0.57
392,Hidden March Footage Removed Online,anonymous_tip,protest,-0.31,4,0.92,False,True,0.64,0.1,0.45
393,Internal Report: Actor Faces Allegations,state_media,celebrity,0.11,1,0.43,False,True,0.65,0.18,0.44
394,Leaked Demonstrations Under Review,anonymous_tip,protest,-0.05,0,0.47,False,False,0.46,0.31,0.49
395,Internal March Footage Removed Online,independent,protest,-0.11,1,0.54,True,False,0.53,0.25,0.48
396,Confidential Briefing: Border Operations Escalate,anonymous_tip,military,0.69,4,0.26,True,False,0.31,0.76,0.95
397,Leaked Report: Vaccine Data Discrepancies,independent,health,-0.06,3,0.58,True,False,0.6,0.26,0.55
398,Leaked Report: Actor Faces Allegations,anonymous_tip,celebrity,-0.26,2,0.62,True,False,0.36,0.43,0.63
399,Internal Report: Vaccine Data Discrepancies,independent,health,-0.09,3,0.39,True,False,0.72,0.23,0.54
400,Hidden March Footage Removed Online,state_media,protest,-0.07,3,0.68,True,False,0.44,0.37,0.62
401,Internal Briefing: Border Operations Escalate,state_media,military,0.34,3,0.71,False,False,0.18,0.62,0.79
402,Restricted Statement Raises Concerns,foreign_press,politics,-0.26,0,0.53,True,True,0.76,0.0,0.25
403,Confidential Interview Sparks Debate,foreign_press,celebrity,-0.91,4,0.63,True,True,0.42,0.47,0.72
404,Leaked Audit Reveals Missing Funds,independent,economy,-0.14,2,0.58,False,False,0.59,0.22,0.49
405,Internal Interview Sparks Debate,state_media,celebrity,0.01,3,0.62,True,False,0.29,0.55,0.75
406,Confidential Footage Questions Official Claims,state_media,military,-0.79,2,0.54,False,False,0.15,0.68,0.81
407,Restricted Statement Raises Concerns,foreign_press,politics,-0.21,3,0.2,False,False,0.68,0.37,0.65
408,Leaked Interview Sparks Debate,foreign_press,celebrity,-0.51,1,0.16,False,False,0.17,0.8,0.88
409,Confidential Statement Raises Concerns,anonymous_tip,politics,-0.26,2,0.53,False,False,0.69,0.15,0.44
410,Confidential Footage Questions Official Claims,state_media,military,-0.13,5,0.65,True,False,0.55,0.37,0.69
411,Confidential Footage Questions Official Claims,state_media,military,-0.27,3,0.5,True,True,0.28,0.62,0.8
412,Hidden Interview Sparks Debate,state_media,celebrity,-0.19,0,0.48,True,False,0.35,0.41,0.57
413,Leaked Report: Inflation Data Withheld,state_media,economy,-0.35,2,0.64,True,False,0.4,0.38,0.6
414,Internal March Footage Removed Online,independent,protest,-0.47,5,0.25,False,True,0.59,0.54,0.82
415,Internal Footage Questions Official Claims,anonymous_tip,military,0.21,0,0.4,True,True,0.39,0.41,0.57
416,Restricted Footage Questions Official Claims,anonymous_tip,military,0.19,0,0.59,False,False,0.72,0.0,0.26
417,Leaked March Footage Removed Online,independent,protest,0.32,0,0.47,True,True,0.41,0.36,0.53
418,Internal Footage Questions Official Claims,anonymous_tip,military,-0.2,2,0.56,False,False,0.34,0.48,0.67
419,Restricted Surge in Cases Raises Alarm,independent,health,-0.76,3,0.58,True,False,0.6,0.27,0.55
420,Internal Footage Questions Official Claims,independent,military,-0.81,2,0.52,False,False,0.41,0.43,0.64
421,Confidential March Footage Removed Online,independent,protest,-0.14,4,0.51,True,True,0.31,0.63,0.85
422,Hidden Report: Actor Faces Allegations,independent,celebrity,0.36,4,0.51,False,False,0.82,0.13,0.49
423,Internal Report: Vaccine Data Discrepancies,anonymous_tip,health,0.33,0,0.7,False,True,0.76,0.0,0.19
424,Internal Report: Inflation Data Withheld,anonymous_tip,economy,-0.23,4,0.64,True,False,0.73,0.15,0.5
425,Hidden Surge in Cases Raises Alarm,anonymous_tip,health,0.18,3,0.28,False,True,0.52,0.49,0.73
426,Confidential Demonstrations Under Review,anonymous_tip,protest,0.3,0,0.57,False,False,0.83,0.0,0.19
427,Internal Briefing: Border Operations Escalate,state_media,military,0.02,3,0.68,True,True,0.68,0.13,0.45
428,Confidential Surge in Cases Raises Alarm,state_media,health,-0.24,2,0.62,False,False,0.4,0.39,0.6
429,Hidden Report: Inflation Data Withheld,state_media,economy,-0.44,3,0.84,True,True,0.63,0.11,0.43
430,Hidden Report: Inflation Data Withheld,foreign_press,economy,-0.06,3,0.38,True,False,0.47,0.49,0.72
431,Leaked Briefing: Border Operations Escalate,state_media,military,-0.1,0,0.66,True,True,0.82,0.0,0.16
432,Restricted Surge in Cases Raises Alarm,independent,health,-0.99,4,0.16,True,False,0.26,0.86,1.0
433,Confidential Footage Questions Official Claims,anonymous_tip,military,-0.06,7,0.93,True,False,0.48,0.41,0.76
434,Leaked Interview Sparks Debate,foreign_press,celebrity,0.05,6,0.67,True,False,0.54,0.42,0.75
435,Restricted Report: Vaccine Data Discrepancies,state_media,health,-0.43,1,0.09,False,True,0.36,0.64,0.78
436,Confidential Demonstrations Under Review,independent,protest,-0.33,3,0.26,True,False,0.78,0.24,0.55
437,Confidential Report: Inflation Data Withheld,independent,economy,-1.0,1,0.31,True,False,0.68,0.22,0.47
438,Leaked Report: Vaccine Data Discrepancies,independent,health,-0.08,3,0.67,True,False,0.49,0.33,0.59
439,Leaked Memo Exposes Policy Rift,foreign_press,politics,-0.12,3,0.23,False,False,0.62,0.41,0.67
440,Leaked March Footage Removed Online,independent,protest,-0.07,4,0.57,True,True,0.46,0.46,0.72
441,Hidden Surge in Cases Raises Alarm,anonymous_tip,health,-0.15,0,0.55,False,False,0.25,0.47,0.6
442,Confidential Demonstrations Under Review,anonymous_tip,protest,-0.96,2,0.31,False,False,0.69,0.25,0.53
443,Restricted Surge in Cases Raises Alarm,foreign_press,health,0.37,1,0.23,False,False,0.67,0.26,0.5
444,Restricted Interview Sparks Debate,independent,celebrity,-0.51,5,0.45,True,True,0.38,0.64,0.89
445,Confidential Report: Inflation Data Withheld,independent,economy,-0.51,0,0.77,False,False,0.26,0.36,0.51
446,Internal March Footage Removed Online,independent,protest,-0.25,6,0.74,True,True,0.57,0.36,0.71
447,Confidential Demonstrations Under Review,state_media,protest,0.31,3,0.37,False,False,0.44,0.52,0.74
448,Confidential Statement Raises Concerns,anonymous_tip,politics,-0.08,0,0.5,False,False,0.52,0.23,0.43
449,Confidential Report: Vaccine Data Discrepancies,anonymous_tip,health,-0.5,2,0.65,True,False,0.55,0.22,0.49
450,Leaked Interview Sparks Debate,state_media,celebrity,-0.93,1,0.28,False,True,0.46,0.45,0.63
451,Confidential Memo Exposes Policy Rift,foreign_press,politics,-0.59,0,0.54,True,False,0.62,0.11,0.35
452,Internal Demonstrations Under Review,state_media,protest,-0.39,3,0.84,True,False,0.52,0.21,0.5
453,Leaked Report: Vaccine Data Discrepancies,anonymous_tip,health,-1.0,2,0.85,False,False,0.04,0.63,0.76
454,Leaked Footage Questions Official Claims,state_media,military,-0.1,0,0.32,True,False,0.33,0.51,0.64
455,Internal Interview Sparks Debate,independent,celebrity,-1.0,1,0.35,True,False,0.19,0.69,0.79
456,Leaked Statement Raises Concerns,independent,politics,0.02,2,0.2,False,False,0.2,0.8,0.91
457,Internal March Footage Removed Online,foreign_press,protest,0.27,3,0.22,False,True,0.6,0.44,0.69
458,Leaked Demonstrations Under Review,foreign_press,protest,0.0,1,0.09,False,False,0.58,0.42,0.62
459,Restricted Report: Inflation Data Withheld,state_media,economy,0.08,0,0.48,False,False,0.62,0.14,0.38
460,Confidential Statement Raises Concerns,independent,politics,-0.11,5,0.21,False,False,0.68,0.47,0.78
461,Leaked Memo Exposes Policy Rift,foreign_press,politics,0.1,2,0.42,False,False,0.21,0.68,0.82
462,Confidential Audit Reveals Missing Funds,foreign_press,economy,-0.25,1,0.44,False,False,0.57,0.26,0.49
463,Leaked Footage Questions Official Claims,state_media,military,0.64,0,0.52,False,False,0.4,0.34,0.51
464,Confidential Report: Vaccine Data Discrepancies,foreign_press,health,0.0,2,0.28,False,False,0.86,0.1,0.42
465,Internal Audit Reveals Missing Funds,independent,economy,-0.59,1,0.67,True,False,0.56,0.15,0.4
466,Internal Demonstrations Under Review,independent,protest,-0.45,4,0.54,False,False,0.52,0.41,0.69
467,Leaked Report: Actor Faces Allegations,state_media,celebrity,-0.65,5,0.58,False,False,0.8,0.16,0.54
468,Confidential Memo Exposes Policy Rift,anonymous_tip,politics,-0.44,4,0.76,True,False,0.77,0.05,0.43
469,Internal Report: Vaccine Data Discrepancies,independent,health,-0.01,1,0.18,False,False,0.6,0.36,0.57
470,Restricted Report: Vaccine Data Discrepancies,foreign_press,health,-0.46,3,0.76,True,False,0.16,0.61,0.78
471,Confidential Report: Inflation Data Withheld,foreign_press,economy,-0.04,4,0.58,False,False,0.68,0.23,0.56
472,Restricted Report: Vaccine Data Discrepancies,state_media,health,-0.44,7,0.41,True,False,0.28,0.87,1.0
473,Leaked March Footage Removed Online,anonymous_tip,protest,0.2,4,0.05,True,False,0.5,0.68,0.9
474,Leaked Report: Vaccine Data Discrepancies,independent,health,-0.44,2,0.64,True,True,0.46,0.32,0.56
475,Confidential Report: Actor Faces Allegations,foreign_press,celebrity,0.14,0,0.51,True,True,0.52,0.23,0.43
476,Hidden Report: Vaccine Data Discrepancies,independent,health,-0.01,5,0.31,True,False,0.36,0.73,0.95
477,Restricted Audit Reveals Missing Funds,foreign_press,economy,0.02,4,0.4,False,False,0.44,0.56,0.8
478,Leaked Demonstrations Under Review,anonymous_tip,protest,-0.34,0,0.82,False,True,0.54,0.05,0.29
479,Restricted Report: Actor Faces Allegations,anonymous_tip,celebrity,-0.16,2,0.61,True,False,0.32,0.47,0.66
480,Hidden Footage Questions Official Claims,state_media,military,-0.34,4,0.25,True,False,0.48,0.59,0.83
481,Internal Report: Vaccine Data Discrepancies,state_media,health,-0.97,1,0.34,False,False,0.5,0.38,0.58
482,Leaked Demonstrations Under Review,independent,protest,0.26,3,0.63,False,True,0.18,0.66,0.82
483,Hidden Report: Inflation Data Withheld,anonymous_tip,economy,0.28,6,0.46,True,False,0.56,0.51,0.83
484,Restricted March Footage Removed Online,state_media,protest,-0.07,5,0.6,False,False,0.33,0.63,0.87
485,Confidential Demonstrations Under Review,anonymous_tip,protest,-0.68,3,0.29,True,False,0.65,0.35,0.63
486,Leaked Interview Sparks Debate,state_media,celebrity,-0.04,1,0.48,True,True,0.24,0.57,0.71
487,Confidential March Footage Removed Online,foreign_press,protest,-0.58,0,0.2,False,False,0.56,0.34,0.53
488,Hidden Report: Vaccine Data Discrepancies,anonymous_tip,health,0.06,2,0.19,True,False,0.62,0.38,0.62
489,Restricted Briefing: Border Operations Escalate,state_media,military,-0.06,1,0.29,True,False,0.5,0.4,0.6
490,Leaked March Footage Removed Online,foreign_press,protest,-0.22,1,0.39,True,False,0.71,0.14,0.41
491,Leaked Report: Vaccine Data Discrepancies,anonymous_tip,health,0.1,1,0.58,False,False,0.15,0.61,0.73
492,Leaked Interview Sparks Debate,anonymous_tip,celebrity,-0.05,4,0.49,True,False,0.57,0.38,0.67
493,Leaked Report: Vaccine Data Discrepancies,independent,health,-0.23,2,0.29,True,False,0.16,0.79,0.9
494,Internal Report: Inflation Data Withheld,foreign_press,economy,0.12,1,0.79,False,False,0.68,0.0,0.27
495,Leaked Briefing: Border Operations Escalate,independent,military,-0.44,2,0.7,False,False,0.39,0.36,0.58
496,Hidden Briefing: Border Operations Escalate,anonymous_tip,military,0.13,4,0.55,True,True,0.72,0.2,0.54
497,Hidden Report: Inflation Data Withheld,anonymous_tip,economy,-0.63,2,0.4,False,True,0.46,0.44,0.65
498,Hidden Briefing: Border Operations Escalate,independent,military,0.32,6,0.42,True,True,0.51,0.57,0.87
499,Restricted Memo Exposes Policy Rift,state_media,politics,-0.0,1,0.46,True,False,0.41,0.41,0.59
500,Leaked Audit Reveals Missing Funds,foreign_press,economy,-0.32,2,0.57,True,True,0.67,0.15,0.44
501,Internal Statement Raises Concerns,foreign_press,politics,0.3,4,0.55,True,False,0.52,0.4,0.68
502,Leaked Report: Actor Faces Allegations,foreign_press,celebrity,-1.0,0,0.19,True,False,0.85,0.05,0.33
503,Confidential Statement Raises Concerns,state_media,politics,-0.21,3,0.47,False,True,0.64,0.28,0.57
504,Internal Briefing: Border Operations Escalate,foreign_press,military,-0.58,1,0.81,True,False,0.53,0.12,0.37
505,Internal Footage Questions Official Claims,foreign_press,military,0.47,0,0.56,False,True,0.25,0.47,0.6
506,Leaked Memo Exposes Policy Rift,independent,politics,0.24,0,0.21,True,False,0.52,0.38,0.55
507,Leaked March Footage Removed Online,foreign_press,protest,-0.58,0,0.2,False,False,0.5,0.4,0.57
508,Leaked Report: Actor Faces Allegations,anonymous_tip,celebrity,0.31,0,0.54,False,False,0.4,0.33,0.51
509,Restricted March Footage Removed Online,independent,protest,-0.39,3,0.52,True,False,0.27,0.62,0.8
510,Hidden Interview Sparks Debate,state_media,celebrity,0.27,3,0.32,False,False,0.59,0.4,0.66
511,Hidden Report: Vaccine Data Discrepancies,foreign_press,health,-1.0,3,0.87,True,False,0.45,0.27,0.54
512,Hidden Demonstrations Under Review,independent,protest,0.18,3,0.79,False,False,0.6,0.16,0.47
513,Internal Audit Reveals Missing Funds,independent,economy,-0.03,1,0.69,True,True,0.55,0.15,0.4
514,Leaked Report: Vaccine Data Discrepancies,foreign_press,health,-0.36,3,0.66,True,True,0.83,0.0,0.35
515,Confidential Statement Raises Concerns,state_media,politics,0.07,3,0.8,True,True,0.46,0.29,0.56
516,Restricted Audit Reveals Missing Funds,state_media,economy,-0.59,3,0.91,False,False,0.77,0.0,0.3
517,Restricted Footage Questions Official Claims,anonymous_tip,military,-1.0,2,0.33,True,True,0.81,0.12,0.43
518,Restricted Report: Vaccine Data Discrepancies,state_media,health,-0.27,1,0.35,True,False,0.14,0.74,0.83
519,Leaked Surge in Cases Raises Alarm,independent,health,-0.22,1,0.49,False,False,0.4,0.4,0.59
520,Confidential Briefing: Border Operations Escalate,independent,military,-0.37,0,0.5,True,False,0.37,0.38,0.54
521,Leaked Report: Actor Faces Allegations,anonymous_tip,celebrity,-0.31,2,0.29,True,False,0.41,0.55,0.73
522,Internal Report: Actor Faces Allegations,independent,celebrity,-0.62,2,0.44,True,False,0.66,0.22,0.5
523,Leaked Demonstrations Under Review,foreign_press,protest,-0.5,3,0.61,False,True,0.84,0.0,0.37
524,Internal Report: Vaccine Data Discrepancies,anonymous_tip,health,-0.41,3,0.93,False,True,0.37,0.32,0.57
525,Confidential Interview Sparks Debate,anonymous_tip,celebrity,0.15,4,0.54,True,False,0.63,0.3,0.61
526,Internal Report: Inflation Data Withheld,state_media,economy,-0.12,2,0.61,True,False,0.67,0.12,0.42
527,Leaked Memo Exposes Policy Rift,foreign_press,politics,-0.44,0,0.23,True,False,0.27,0.61,0.72
528,Confidential Report: Vaccine Data Discrepancies,foreign_press,health,0.2,5,0.3,True,False,0.2,0.9,1.0
529,Hidden Report: Actor Faces Allegations,foreign_press,celebrity,-0.53,0,0.43,True,False,0.38,0.41,0.56
530,Internal Surge in Cases Raises Alarm,state_media,health,-0.36,0,0.39,False,False,0.62,0.19,0.41
531,Internal March Footage Removed Online,anonymous_tip,protest,-0.41,5,0.59,True,False,0.7,0.26,0.61
532,Leaked Footage Questions Official Claims,independent,military,0.47,3,0.4,True,False,0.39,0.56,0.77
533,Restricted Report: Actor Faces Allegations,anonymous_tip,celebrity,0.24,0,0.55,False,False,0.34,0.39,0.54
534,Leaked Report: Actor Faces Allegations,independent,celebrity,0.19,0,0.61,False,True,0.58,0.11,0.35
535,Restricted Demonstrations Under Review,anonymous_tip,protest,-0.35,3,0.37,True,False,0.77,0.2,0.52
536,Hidden Memo Exposes Policy Rift,foreign_press,politics,-0.22,4,0.62,False,False,0.43,0.46,0.72
537,Hidden Report: Vaccine Data Discrepancies,foreign_press,health,-0.32,5,0.7,False,False,0.48,0.42,0.72
538,Leaked Report: Inflation Data Withheld,foreign_press,economy,-0.04,0,0.21,True,True,0.37,0.53,0.66
539,Internal Demonstrations Under Review,independent,protest,-0.12,7,0.11,True,False,0.4,0.89,1.0
540,Internal Memo Exposes Policy Rift,foreign_press,politics,0.08,9,0.74,False,False,0.24,0.84,1.0
541,Leaked Interview Sparks Debate,independent,celebrity,0.22,3,0.4,False,False,0.61,0.34,0.62
542,Hidden Report: Actor Faces Allegations,foreign_press,celebrity,-0.17,1,0.75,False,False,0.16,0.51,0.65
543,Confidential Footage Questions Official Claims,foreign_press,military,-0.69,3,0.49,True,False,0.57,0.34,0.61
544,Hidden Surge in Cases Raises Alarm,foreign_press,health,0.02,3,0.35,True,False,0.32,0.65,0.83
545,Internal Memo Exposes Policy Rift,independent,politics,-0.88,6,0.79,True,False,0.39,0.51,0.81
546,Confidential Memo Exposes Policy Rift,state_media,politics,-0.06,2,0.5,False,False,0.55,0.3,0.55
547,Restricted Memo Exposes Policy Rift,foreign_press,politics,0.22,0,0.29,False,False,0.84,0.01,0.29
548,Internal Audit Reveals Missing Funds,independent,economy,-0.29,1,0.59,True,True,0.47,0.29,0.5
549,Internal Statement Raises Concerns,state_media,politics,0.39,0,0.4,False,False,0.75,0.05,0.31
550,Internal Interview Sparks Debate,foreign_press,celebrity,-0.49,4,0.7,True,False,0.6,0.25,0.57
551,Confidential Report: Actor Faces Allegations,state_media,celebrity,-0.65,4,0.53,True,False,0.37,0.56,0.8
552,Confidential Report: Inflation Data Withheld,anonymous_tip,economy,0.0,3,0.77,False,False,0.52,0.25,0.53
553,Leaked Audit Reveals Missing Funds,independent,economy,-0.76,0,0.43,True,True,0.65,0.14,0.37
554,Internal Report: Actor Faces Allegations,foreign_press,celebrity,-0.23,1,0.63,True,True,0.48,0.26,0.48
555,Leaked Audit Reveals Missing Funds,independent,economy,-0.16,2,0.46,False,False,0.5,0.37,0.6
556,Restricted March Footage Removed Online,anonymous_tip,protest,0.09,2,0.5,False,False,0.43,0.41,0.63
557,Restricted Statement Raises Concerns,state_media,politics,-0.36,4,0.12,True,True,0.5,0.64,0.87
558,Leaked Report: Vaccine Data Discrepancies,foreign_press,health,-0.2,0,0.46,False,True,0.11,0.66,0.74
559,Confidential Report: Inflation Data Withheld,anonymous_tip,economy,0.19,1,0.48,True,False,0.56,0.25,0.48
560,Restricted Footage Questions Official Claims,anonymous_tip,military,-0.94,3,0.39,True,True,0.41,0.54,0.76
561,Confidential Interview Sparks Debate,anonymous_tip,celebrity,-0.45,2,0.67,False,False,0.69,0.08,0.38
562,Restricted Audit Reveals Missing Funds,foreign_press,economy,-0.33,1,0.41,True,False,0.72,0.12,0.39
563,Confidential Audit Reveals Missing Funds,foreign_press,economy,-0.16,0,0.41,True,True,0.62,0.17,0.4
564,Restricted Briefing: Border Operations Escalate,independent,military,0.51,3,0.62,False,False,0.37,0.47,0.69
565,Hidden Report: Actor Faces Allegations,foreign_press,celebrity,0.52,4,0.36,False,False,0.16,0.86,1.0
566,Confidential March Footage Removed Online,state_media,protest,-0.24,1,0.51,False,False,0.68,0.11,0.38
567,Leaked Demonstrations Under Review,independent,protest,0.13,3,0.42,True,True,0.56,0.38,0.64
568,Restricted Report: Actor Faces Allegations,anonymous_tip,celebrity,-0.85,7,0.77,True,False,0.77,0.2,0.62
569,Confidential Memo Exposes Policy Rift,state_media,politics,0.24,1,0.2,True,False,0.22,0.72,0.83
570,Leaked Report: Vaccine Data Discrepancies,independent,health,-0.79,0,0.36,False,True,0.56,0.26,0.47
571,Hidden Audit Reveals Missing Funds,anonymous_tip,economy,-0.69,5,0.29,False,False,0.38,0.72,0.95
572,Hidden Report: Actor Faces Allegations,anonymous_tip,celebrity,-0.17,4,0.56,True,True,0.54,0.38,0.67
573,Internal Interview Sparks Debate,state_media,celebrity,-0.25,1,0.54,False,False,0.3,0.48,0.64
574,Confidential Briefing: Border Operations Escalate,anonymous_tip,military,-0.46,2,0.28,False,False,0.73,0.24,0.51
575,Confidential Memo Exposes Policy Rift,foreign_press,politics,0.23,3,0.53,True,False,0.83,0.05,0.41
576,Confidential Audit Reveals Missing Funds,foreign_press,economy,-0.1,5,0.45,False,True,0.34,0.68,0.91
577,Internal Footage Questions Official Claims,state_media,military,-0.62,3,0.29,True,False,0.83,0.17,0.5
578,Internal Audit Reveals Missing Funds,state_media,economy,0.05,3,0.37,False,True,0.35,0.61,0.8
579,Leaked Briefing: Border Operations Escalate,foreign_press,military,-0.22,3,0.66,False,False,0.73,0.09,0.43
580,Confidential Audit Reveals Missing Funds,independent,economy,-0.4,6,0.48,False,False,0.33,0.73,0.98
581,Confidential Report: Actor Faces Allegations,independent,celebrity,-0.03,4,0.67,True,False,0.18,0.68,0.87
582,Restricted Demonstrations Under Review,state_media,protest,0.14,3,0.86,True,False,0.69,0.03,0.37
583,Restricted Statement Raises Concerns,state_media,politics,-0.16,3,0.19,True,False,0.16,0.9,1.0
584,Leaked Briefing: Border Operations Escalate,anonymous_tip,military,0.01,3,0.36,False,False,0.32,0.65,0.83
585,Confidential Statement Raises Concerns,foreign_press,politics,-0.51,4,0.3,True,False,0.61,0.44,0.72
586,Leaked Footage Questions Official Claims,independent,military,0.17,2,0.38,False,True,0.7,0.21,0.49
587,Restricted Report: Actor Faces Allegations,anonymous_tip,celebrity,-0.16,2,0.69,True,False,0.56,0.2,0.47
588,Confidential Report: Vaccine Data Discrepancies,independent,health,-0.54,1,0.64,False,True,0.77,0.0,0.27
589,Restricted Report: Vaccine Data Discrepancies,state_media,health,0.48,0,0.45,True,True,0.36,0.42,0.57
590,Internal Statement Raises Concerns,foreign_press,politics,0.24,1,0.18,False,False,0.43,0.53,0.69
591,Internal Audit Reveals Missing Funds,foreign_press,economy,-0.35,1,0.27,True,True,0.29,0.63,0.76
592,Internal March Footage Removed Online,state_media,protest,-0.17,3,0.71,True,False,0.5,0.3,0.57
593,Internal Footage Questions Official Claims,state_media,military,0.63,1,0.87,True,False,0.68,0.0,0.24
594,Internal Briefing: Border Operations Escalate,foreign_press,military,-0.75,3,0.71,False,False,0.12,0.68,0.84
595,Hidden Statement Raises Concerns,independent,politics,-0.26,6,0.46,False,False,0.2,0.87,1.0
596,Confidential Surge in Cases Raises Alarm,foreign_press,health,0.05,4,0.21,False,False,0.54,0.56,0.81
597,Hidden Briefing: Border Operations Escalate,anonymous_tip,military,-0.44,2,0.4,True,False,0.4,0.5,0.69
598,Confidential Footage Questions Official Claims,independent,military,0.8,2,0.72,False,False,0.47,0.27,0.52
599,Hidden Demonstrations Under Review,foreign_press,protest,-0.28,6,0.17,False,False,0.7,0.52,0.85
600,Hidden Briefing: Border Operations Escalate,state_media,military,0.06,5,0.5,True,False,0.7,0.3,0.64
601,Restricted Surge in Cases Raises Alarm,foreign_press,health,0.1,7,0.49,False,True,0.39,0.72,1.0
602,Confidential Report: Inflation Data Withheld,foreign_press,economy,-0.35,6,0.55,True,False,0.3,0.73,0.97
603,Hidden Report: Inflation Data Withheld,state_media,economy,-0.04,2,0.54,False,False,0.79,0.04,0.37
604,Confidential Audit Reveals Missing Funds,independent,economy,-0.05,5,0.49,False,False,0.44,0.57,0.83
605,Restricted Audit Reveals Missing Funds,state_media,economy,-0.02,3,0.39,False,True,0.41,0.55,0.76
606,Restricted Report: Inflation Data Withheld,anonymous_tip,economy,-0.18,3,0.3,True,False,0.54,0.46,0.7
607,Leaked Report: Inflation Data Withheld,foreign_press,economy,-0.33,2,0.68,False,True,0.52,0.24,0.5
608,Hidden Report: Inflation Data Withheld,foreign_press,economy,0.18,3,0.4,True,False,0.29,0.66,0.83
609,Confidential Audit Reveals Missing Funds,state_media,economy,-0.6,2,0.95,True,False,0.76,0.0,0.22
610,Restricted Audit Reveals Missing Funds,anonymous_tip,economy,0.43,5,0.66,True,True,0.51,0.41,0.71
611,Leaked Report: Actor Faces Allegations,foreign_press,celebrity,-0.22,2,0.53,False,False,0.19,0.65,0.79
612,Internal Report: Vaccine Data Discrepancies,independent,health,0.09,3,0.31,True,False,0.72,0.27,0.57
613,Leaked Report: Actor Faces Allegations,anonymous_tip,celebrity,-0.19,0,0.67,False,False,0.54,0.13,0.35
614,Hidden Footage Questions Official Claims,foreign_press,military,-0.8,2,0.67,True,False,0.1,0.67,0.8
615,Internal Report: Inflation Data Withheld,independent,economy,0.01,1,0.46,True,False,0.58,0.24,0.48
616,Restricted Memo Exposes Policy Rift,anonymous_tip,politics,-0.44,7,0.54,True,True,0.72,0.36,0.75
617,Internal Report: Vaccine Data Discrepancies,state_media,health,-0.61,3,0.39,False,True,0.37,0.59,0.79
618,Hidden Report: Inflation Data Withheld,foreign_press,economy,-0.3,1,0.58,False,False,0.77,0.0,0.3
619,Leaked Surge in Cases Raises Alarm,state_media,health,-0.69,0,0.34,False,True,0.6,0.23,0.45
620,Restricted Report: Inflation Data Withheld,anonymous_tip,economy,-0.31,5,0.69,True,True,0.66,0.24,0.59
621,Hidden Surge in Cases Raises Alarm,state_media,health,-0.05,3,0.61,True,False,0.35,0.5,0.71
622,Hidden Demonstrations Under Review,independent,protest,-0.69,1,0.47,True,False,0.53,0.28,0.51
623,Hidden Briefing: Border Operations Escalate,state_media,military,0.14,0,0.52,False,False,0.42,0.32,0.5
624,Restricted Briefing: Border Operations Escalate,independent,military,-0.85,2,0.43,True,False,0.3,0.58,0.75
625,Confidential March Footage Removed Online,anonymous_tip,protest,-0.34,0,0.47,False,False,0.76,0.01,0.28
626,Leaked Statement Raises Concerns,state_media,politics,0.58,2,0.19,True,True,0.2,0.81,0.92
627,Leaked Statement Raises Concerns,state_media,politics,-0.3,3,0.44,False,True,0.23,0.71,0.87
628,Internal Surge in Cases Raises Alarm,independent,health,-0.29,3,0.56,True,False,0.82,0.05,0.4
629,Internal Interview Sparks Debate,state_media,celebrity,0.07,2,0.36,False,False,0.63,0.29,0.55
630,Leaked Report: Vaccine Data Discrepancies,foreign_press,health,-0.87,0,0.72,True,True,0.87,0.0,0.1
631,Hidden Statement Raises Concerns,independent,politics,0.38,4,0.27,True,False,0.22,0.84,1.0
632,Leaked Surge in Cases Raises Alarm,state_media,health,-0.42,0,0.52,True,False,0.67,0.07,0.32
633,Confidential Audit Reveals Missing Funds,anonymous_tip,economy,-0.92,1,0.3,True,False,0.74,0.16,0.43
634,Leaked Report: Vaccine Data Discrepancies,independent,health,-0.44,2,0.64,True,False,0.39,0.39,0.61
635,Hidden Interview Sparks Debate,anonymous_tip,celebrity,-0.56,3,0.81,False,False,0.45,0.29,0.56
636,Restricted Statement Raises Concerns,anonymous_tip,politics,-0.8,0,0.48,False,False,0.53,0.23,0.44
637,Leaked Audit Reveals Missing Funds,state_media,economy,-0.83,5,0.36,False,False,0.34,0.73,0.95
638,Hidden Report: Vaccine Data Discrepancies,foreign_press,health,-0.27,0,0.82,True,False,0.61,0.0,0.25
639,Hidden Report: Vaccine Data Discrepancies,foreign_press,health,0.12,0,0.76,False,False,0.58,0.04,0.29
640,Confidential Report: Inflation Data Withheld,independent,economy,0.07,3,0.6,True,False,0.88,0.0,0.34
641,Hidden March Footage Removed Online,state_media,protest,0.29,0,0.39,True,False,0.76,0.05,0.31
642,Restricted Audit Reveals Missing Funds,independent,economy,-0.44,5,0.46,True,False,0.52,0.5,0.79
643,Confidential Footage Questions Official Claims,state_media,military,-0.49,4,0.46,False,False,0.21,0.76,0.94
644,Confidential Memo Exposes Policy Rift,state_media,politics,-0.19,0,0.66,True,False,0.64,0.03,0.29
645,Leaked Report: Inflation Data Withheld,anonymous_tip,economy,0.07,0,0.66,True,False,0.63,0.04,0.3
646,Leaked Audit Reveals Missing Funds,anonymous_tip,economy,-0.6,6,0.69,True,False,0.36,0.59,0.87
647,Internal March Footage Removed Online,independent,protest,0.02,3,0.27,False,False,0.82,0.2,0.52
648,Hidden Interview Sparks Debate,independent,celebrity,-0.65,1,0.43,False,False,0.73,0.11,0.39
649,Restricted Report: Vaccine Data Discrepancies,foreign_press,health,-0.22,3,0.38,False,True,0.73,0.23,0.54
650,Internal Footage Questions Official Claims,foreign_press,military,-0.1,3,0.8,False,False,0.43,0.32,0.58
651,Restricted Surge in Cases Raises Alarm,state_media,health,-0.99,1,0.28,True,True,0.25,0.66,0.78
652,Confidential Report: Actor Faces Allegations,foreign_press,celebrity,0.13,4,0.47,False,True,0.58,0.38,0.67
653,Confidential Report: Inflation Data Withheld,independent,economy,-0.74,1,0.54,False,True,0.35,0.42,0.6
654,Hidden Report: Vaccine Data Discrepancies,state_media,health,0.86,4,0.41,False,False,0.57,0.43,0.71
655,Confidential Audit Reveals Missing Funds,state_media,economy,0.15,2,0.81,False,True,0.8,0.0,0.25
656,Restricted Demonstrations Under Review,independent,protest,-0.73,5,0.65,False,True,0.54,0.39,0.7
657,Hidden Report: Inflation Data Withheld,foreign_press,economy,-0.09,2,0.59,False,False,0.62,0.19,0.46
658,Confidential Briefing: Border Operations Escalate,anonymous_tip,military,-0.66,3,0.65,False,False,0.37,0.45,0.68
659,Hidden Statement Raises Concerns,anonymous_tip,politics,-0.56,5,0.85,False,False,0.81,0.01,0.42
660,Restricted Report: Vaccine Data Discrepancies,foreign_press,health,-0.28,0,0.74,False,False,0.46,0.17,0.38
661,Restricted Memo Exposes Policy Rift,foreign_press,politics,0.41,1,0.46,False,False,0.63,0.19,0.44
662,Hidden March Footage Removed Online,foreign_press,protest,-0.52,0,0.73,False,False,0.43,0.21,0.41
663,Hidden March Footage Removed Online,anonymous_tip,protest,-0.21,4,0.62,False,False,0.23,0.67,0.86
664,Restricted Report: Inflation Data Withheld,state_media,economy,-0.51,1,0.54,False,True,0.63,0.15,0.41
665,Restricted Surge in Cases Raises Alarm,state_media,health,-0.14,4,0.56,True,False,0.67,0.25,0.57
666,Internal Report: Vaccine Data Discrepancies,foreign_press,health,-0.55,3,0.67,True,True,0.68,0.14,0.46
667,Directive Demonstrations Under Review,state_media,protest,-0.11,0,0.24,True,False,0.61,0.27,0.48
668,Emergency Report: Vaccine Data Discrepancies,anonymous_tip,health,-0.07,0,0.51,True,False,0.66,0.08,0.33
669,Emergency Report: Inflation Data Withheld,anonymous_tip,economy,-0.72,0,0.68,True,False,0.68,0.0,0.25
670,Frontline Report: Actor Faces Allegations,foreign_press,celebrity,-0.11,1,0.88,True,False,0.9,0.0,0.09
671,Directive Report: Vaccine Data Discrepancies,foreign_press,health,-0.02,0,0.45,True,False,0.5,0.28,0.47
672,Official Report: Vaccine Data Discrepancies,independent,health,-0.38,0,0.98,True,False,0.66,0.0,0.14
673,Directive Statement Raises Concerns,state_media,politics,-0.8,1,0.85,True,False,0.59,0.03,0.31
674,Emergency Statement Raises Concerns,independent,politics,-1.0,3,0.74,True,False,0.97,0.0,0.23
675,Directive Report: Vaccine Data Discrepancies,independent,health,-0.9,0,0.75,True,False,0.65,0.0,0.24
676,Emergency Report: Vaccine Data Discrepancies,foreign_press,health,-0.11,1,0.58,True,False,0.68,0.07,0.36
677,Directive Report: Vaccine Data Discrepancies,foreign_press,health,-0.14,0,0.59,True,False,0.67,0.03,0.29
678,Official March Footage Removed Online,independent,protest,-0.92,2,0.87,True,False,0.72,0.0,0.28
679,Emergency Memo Exposes Policy Rift,independent,politics,-0.87,0,0.8,True,False,0.66,0.0,0.22
680,Official Demonstrations Under Review,anonymous_tip,protest,-1.0,2,0.51,False,False,0.53,0.31,0.56
681,Directive Report: Vaccine Data Discrepancies,foreign_press,health,-0.06,2,0.92,True,False,0.83,0.0,0.19
682,Official Interview Sparks Debate,foreign_press,celebrity,-0.7,0,0.58,True,False,0.95,0.0,0.1
683,Emergency Footage Questions Official Claims,foreign_press,military,-0.55,1,0.85,True,False,0.66,0.0,0.27
684,Emergency Report: Inflation Data Withheld,state_media,economy,-0.56,0,0.73,True,False,0.74,0.0,0.19
685,Directive Report: Actor Faces Allegations,independent,celebrity,-1.0,2,0.51,False,False,0.8,0.04,0.37
686,Patriotic Surge in Cases Raises Alarm,state_media,health,-0.71,2,0.62,True,False,0.73,0.07,0.38
687,Frontline Report: Actor Faces Allegations,independent,celebrity,-0.05,3,0.55,True,False,0.8,0.08,0.42
688,Official Report: Vaccine Data Discrepancies,independent,health,0.32,0,0.71,True,False,0.92,0.0,0.08
689,Official Report: Actor Faces Allegations,state_media,celebrity,-1.0,0,0.68,True,False,0.91,0.0,0.09
690,Frontline Footage Questions Official Claims,anonymous_tip,military,-0.37,0,0.62,True,False,0.68,0.01,0.27
691,Directive Report: Actor Faces Allegations,anonymous_tip,celebrity,-0.32,0,0.45,True,False,0.35,0.42,0.57
692,Directive Report: Vaccine Data Discrepancies,state_media,health,-0.3,0,0.76,True,True,0.6,0.02,0.28
693,Frontline Footage Questions Official Claims,foreign_press,military,0.04,0,0.98,True,False,0.8,0.0,0.05
694,Patriotic Audit Reveals Missing Funds,state_media,economy,-0.3,2,0.52,True,False,0.9,0.0,0.3
695,Emergency Demonstrations Under Review,foreign_press,protest,-0.81,0,0.38,False,True,0.73,0.08,0.34
696,Directive March Footage Removed Online,independent,protest,-0.97,2,0.64,True,True,0.63,0.15,0.44
697,Emergency Demonstrations Under Review,state_media,protest,-0.84,0,0.86,True,False,0.98,0.0,0.0
698,Emergency Report: Inflation Data Withheld,independent,economy,-0.09,0,0.67,True,False,0.97,0.0,0.05
699,Official Interview Sparks Debate,independent,celebrity,-0.22,5,0.91,True,False,0.87,0.0,0.36
700,Official Report: Vaccine Data Discrepancies,state_media,health,-0.91,1,0.66,True,True,0.94,0.0,0.15
701,Patriotic Report: Vaccine Data Discrepancies,anonymous_tip,health,-0.07,0,0.77,False,False,0.37,0.25,0.43
702,Frontline Footage Questions Official Claims,state_media,military,-0.8,0,0.85,False,False,0.3,0.28,0.45
703,Directive March Footage Removed Online,foreign_press,protest,-0.65,2,0.79,True,False,0.85,0.0,0.22
704,Patriotic Footage Questions Official Claims,anonymous_tip,military,-0.27,1,0.7,True,False,0.53,0.17,0.42
705,Frontline Footage Questions Official Claims,foreign_press,military,-0.71,0,0.99,True,False,0.8,0.0,0.05
706,Official Report: Inflation Data Withheld,foreign_press,economy,-0.34,2,0.56,True,False,0.9,0.0,0.28
707,Patriotic Report: Vaccine Data Discrepancies,state_media,health,-0.54,3,0.6,False,False,0.49,0.36,0.61
708,Directive Briefing: Border Operations Escalate,state_media,military,0.09,0,0.57,True,False,0.91,0.0,0.14
709,Official March Footage Removed Online,anonymous_tip,protest,-0.44,3,0.84,True,False,0.67,0.06,0.4
710,Frontline Demonstrations Under Review,anonymous_tip,protest,0.14,1,0.86,True,True,0.88,0.0,0.1
711,Official March Footage Removed Online,foreign_press,protest,-1.0,3,0.79,True,False,0.58,0.18,0.48
712,Directive Briefing: Border Operations Escalate,state_media,military,-0.52,0,0.62,True,False,0.66,0.03,0.29
713,Directive Demonstrations Under Review,independent,protest,-0.19,0,0.52,True,False,0.38,0.36,0.53
714,Frontline Report: Vaccine Data Discrepancies,anonymous_tip,health,-0.76,0,0.56,False,True,0.47,0.25,0.45
715,Patriotic Interview Sparks Debate,foreign_press,celebrity,-0.66,0,0.73,True,True,0.71,0.0,0.22
716,Official Audit Reveals Missing Funds,anonymous_tip,economy,-0.84,0,0.35,False,False,0.79,0.03,0.3
717,Directive Report: Actor Faces Allegations,foreign_press,celebrity,-0.8,1,0.4,False,False,0.35,0.5,0.66
718,Official Audit Reveals Missing Funds,anonymous_tip,economy,-0.17,0,0.99,True,False,0.82,0.0,0.03
719,Emergency Audit Reveals Missing Funds,independent,economy,-0.35,2,0.85,True,False,0.71,0.0,0.3
720,Patriotic Report: Inflation Data Withheld,state_media,economy,-0.76,0,0.66,True,True,0.72,0.0,0.23
721,Emergency Report: Actor Faces Allegations,foreign_press,celebrity,-1.0,0,0.86,True,False,0.64,0.0,0.21
722,Official Surge in Cases Raises Alarm,independent,health,-0.1,3,0.76,True,False,0.84,0.0,0.31
723,Frontline Report: Vaccine Data Discrepancies,anonymous_tip,health,-0.6,0,0.69,True,False,0.63,0.02,0.28
724,Patriotic Memo Exposes Policy Rift,state_media,politics,0.07,1,0.4,True,False,0.82,0.02,0.33
725,Patriotic March Footage Removed Online,independent,protest,-0.27,3,0.99,True,False,0.69,0.0,0.32
726,Emergency Demonstrations Under Review,state_media,protest,-0.92,4,0.92,False,False,0.72,0.02,0.39
727,Frontline Memo Exposes Policy Rift,anonymous_tip,politics,-0.18,1,0.91,True,False,0.85,0.0,0.11
728,Patriotic Statement Raises Concerns,anonymous_tip,politics,-0.87,1,0.77,True,False,0.76,0.0,0.23
729,Official Memo Exposes Policy Rift,foreign_press,politics,-0.35,3,0.43,False,False,0.63,0.31,0.59
730,Directive Audit Reveals Missing Funds,anonymous_tip,economy,-0.58,4,0.66,True,True,0.77,0.1,0.47
731,Directive Memo Exposes Policy Rift,state_media,politics,-0.49,4,0.5,True,False,0.59,0.36,0.65
732,Directive Demonstrations Under Review,state_media,protest,-0.5,0,0.66,True,False,0.63,0.04,0.3
733,Official Surge in Cases Raises Alarm,anonymous_tip,health,-0.68,2,0.57,True,False,0.93,0.0,0.26
734,Directive Memo Exposes Policy Rift,anonymous_tip,politics,-0.86,0,0.71,True,False,0.73,0.0,0.2
735,Official Audit Reveals Missing Funds,independent,economy,-1.0,4,0.86,True,False,0.27,0.5,0.73
736,Official Demonstrations Under Review,anonymous_tip,protest,0.23,0,0.89,True,True,0.67,0.0,0.17
737,Emergency March Footage Removed Online,state_media,protest,-0.8,0,0.64,True,False,0.65,0.03,0.29
738,Emergency Footage Questions Official Claims,state_media,military,-0.73,0,0.75,True,False,0.95,0.0,0.04
739,Frontline Demonstrations Under Review,anonymous_tip,protest,-0.95,0,0.94,True,False,0.79,0.0,0.07
740,Frontline Audit Reveals Missing Funds,anonymous_tip,economy,-0.83,4,0.83,True,False,0.9,0.0,0.3
741,Patriotic Briefing: Border Operations Escalate,foreign_press,military,-0.34,2,0.67,True,False,0.87,0.0,0.26
742,Patriotic Report: Vaccine Data Discrepancies,independent,health,-0.43,0,0.69,True,False,0.29,0.36,0.52
743,Directive Memo Exposes Policy Rift,anonymous_tip,politics,-0.1,8,0.52,True,False,0.85,0.3,0.73
744,Official Memo Exposes Policy Rift,anonymous_tip,politics,-0.12,1,0.83,False,True,0.67,0.0,0.26
745,Emergency Report: Inflation Data Withheld,anonymous_tip,economy,-1.0,3,0.48,True,False,0.94,0.0,0.35
746,Frontline March Footage Removed Online,state_media,protest,0.2,0,0.84,True,False,0.86,0.0,0.06
747,Frontline Surge in Cases Raises Alarm,state_media,health,-0.49,0,0.88,False,False,0.76,0.0,0.12
748,Directive Interview Sparks Debate,independent,celebrity,0.08,0,0.89,False,False,0.71,0.0,0.15
749,Patriotic Memo Exposes Policy Rift,state_media,politics,-1.0,2,0.59,True,False,0.7,0.11,0.41
750,Patriotic Report: Vaccine Data Discrepancies,state_media,health,-0.46,4,0.88,True,False,0.79,0.0,0.36
751,Directive Briefing: Border Operations Escalate,anonymous_tip,military,-0.42,2,0.69,True,False,0.63,0.12,0.42
752,Official March Footage Removed Online,state_media,protest,0.26,3,0.83,True,True,0.98,0.0,0.18
753,Patriotic Report: Vaccine Data Discrepancies,foreign_press,health,-0.61,0,0.7,True,False,0.74,0.0,0.2
754,Frontline Report: Inflation Data Withheld,anonymous_tip,economy,-0.12,3,0.72,True,False,0.68,0.11,0.44
755,Official March Footage Removed Online,state_media,protest,-0.19,0,0.82,True,False,0.69,0.0,0.19
756,Directive March Footage Removed Online,foreign_press,protest,-0.38,1,0.71,True,False,0.85,0.0,0.19
757,Frontline Memo Exposes Policy Rift,foreign_press,politics,0.32,0,0.68,False,False,0.9,0.0,0.1
758,Patriotic Report: Inflation Data Withheld,state_media,economy,-1.0,0,0.89,True,False,0.74,0.0,0.13
759,Official Footage Questions Official Claims,anonymous_tip,military,-0.19,0,0.94,False,False,0.75,0.0,0.1
760,Emergency Memo Exposes Policy Rift,foreign_press,politics,-0.11,1,0.78,True,False,0.72,0.0,0.26
761,Directive March Footage Removed Online,independent,protest,0.11,2,0.64,True,False,0.73,0.05,0.36
762,Patriotic Statement Raises Concerns,independent,politics,-0.02,0,0.38,True,False,0.52,0.28,0.48
763,Directive Statement Raises Concerns,independent,politics,-0.28,0,0.59,True,False,0.96,0.0,0.09
764,Frontline Memo Exposes Policy Rift,state_media,politics,-0.48,2,0.43,True,True,0.96,0.0,0.29
765,Emergency March Footage Removed Online,state_media,protest,-0.85,0,0.74,False,False,0.79,0.0,0.15
766,Directive March Footage Removed Online,foreign_press,protest,-1.0,0,0.36,True,False,0.92,0.0,0.21
767,Directive Audit Reveals Missing Funds,independent,economy,0.2,0,0.53,True,True,0.7,0.04,0.3
768,Patriotic Audit Reveals Missing Funds,state_media,economy,-0.49,2,0.56,True,False,0.77,0.05,0.37
769,Patriotic Interview Sparks Debate,anonymous_tip,celebrity,-0.76,0,0.47,True,True,0.94,0.0,0.15
770,Emergency Demonstrations Under Review,state_media,protest,-0.38,1,0.69,True,False,0.84,0.0,0.2
771,Directive March Footage Removed Online,foreign_press,protest,-1.0,0,0.79,True,False,0.84,0.0,0.1
772,Emergency Footage Questions Official Claims,independent,military,-0.55,1,0.9,True,False,0.5,0.1,0.36
773,Directive Report: Inflation Data Withheld,foreign_press,economy,-0.36,0,0.73,True,False,0.7,0.0,0.22
774,Frontline Report: Actor Faces Allegations,foreign_press,celebrity,-0.23,0,0.67,False,False,0.75,0.0,0.21
775,Frontline Statement Raises Concerns,independent,politics,-0.1,0,0.57,True,True,0.42,0.3,0.48
776,Directive Memo Exposes Policy Rift,foreign_press,politics,-0.84,2,0.87,True,False,0.94,0.0,0.13
777,Emergency Audit Reveals Missing Funds,state_media,economy,-0.66,4,0.89,True,True,0.56,0.19,0.52
778,Emergency Surge in Cases Raises Alarm,state_media,health,0.75,0,0.71,True,False,0.76,0.0,0.19
779,Emergency Demonstrations Under Review,foreign_press,protest,-0.21,1,0.77,True,False,0.66,0.01,0.3
780,Emergency March Footage Removed Online,independent,protest,-0.68,0,0.59,False,False,0.94,0.0,0.11
781,Emergency Surge in Cases Raises Alarm,anonymous_tip,health,-1.0,3,0.72,False,False,0.91,0.0,0.28
782,Emergency Surge in Cases Raises Alarm,independent,health,0.48,1,0.58,False,False,0.85,0.0,0.24
783,Patriotic Surge in Cases Raises Alarm,anonymous_tip,health,-0.76,1,0.45,False,True,0.5,0.33,0.54
784,Emergency Statement Raises Concerns,foreign_press,politics,-0.59,0,0.86,True,False,0.53,0.04,0.28
785,Directive Footage Questions Official Claims,anonymous_tip,military,-0.52,3,0.71,True,False,0.83,0.0,0.34
786,Patriotic Audit Reveals Missing Funds,independent,economy,-0.89,0,0.88,True,True,0.87,0.0,0.04
787,Official Report: Vaccine Data Discrepancies,state_media,health,-0.36,4,0.88,True,False,0.59,0.17,0.5
788,Official Report: Inflation Data Withheld,state_media,economy,-1.0,3,0.59,True,False,0.4,0.45,0.68
789,Frontline Footage Questions Official Claims,independent,military,-0.55,2,0.95,True,False,0.47,0.15,0.42
790,Patriotic Memo Exposes Policy Rift,independent,politics,-0.4,1,0.94,True,False,0.61,0.0,0.26
791,Emergency March Footage Removed Online,independent,protest,-0.68,0,0.86,True,False,0.62,0.0,0.22
792,Directive Report: Inflation Data Withheld,foreign_press,economy,0.02,2,0.79,True,True,0.55,0.16,0.43
793,Directive March Footage Removed Online,anonymous_tip,protest,-0.08,2,0.89,True,False,0.75,0.0,0.25
794,Patriotic Demonstrations Under Review,foreign_press,protest,-0.31,4,0.69,False,False,0.73,0.13,0.48
795,Emergency Report: Inflation Data Withheld,foreign_press,economy,-0.63,0,0.66,True,False,0.66,0.01,0.28
796,Official Interview Sparks Debate,independent,celebrity,0.01,1,0.65,True,False,0.82,0.0,0.23
797,Emergency Report: Inflation Data Withheld,foreign_press,economy,-0.75,2,0.75,True,False,0.59,0.14,0.42
798,Frontline Interview Sparks Debate,foreign_press,celebrity,-1.0,3,0.8,True,False,0.8,0.0,0.32
799,Frontline Memo Exposes Policy Rift,independent,politics,-0.86,0,0.54,True,False,0.85,0.0,0.19
800,Directive Footage Questions Official Claims,state_media,military,-0.97,0,0.68,True,False,0.77,0.0,0.18
801,Patriotic Briefing: Border Operations Escalate,foreign_press,military,-0.52,1,0.51,True,False,0.7,0.1,0.38
802,Emergency Footage Questions Official Claims,state_media,military,-0.69,1,0.9,True,False,0.91,0.0,0.07
803,Directive Memo Exposes Policy Rift,foreign_press,politics,-0.2,0,0.86,True,True,0.81,0.0,0.09
804,Frontline Memo Exposes Policy Rift,state_media,politics,-0.96,0,0.82,True,True,0.92,0.0,0.03
805,Emergency Statement Raises Concerns,state_media,politics,0.01,3,0.97,True,False,0.79,0.0,0.26
806,Official Footage Questions Official Claims,anonymous_tip,military,-0.38,0,0.83,False,False,0.63,0.0,0.23
807,Official Interview Sparks Debate,independent,celebrity,-0.18,1,0.67,True,False,0.72,0.0,0.3
808,Frontline Memo Exposes Policy Rift,independent,politics,0.19,1,0.78,False,False,0.86,0.0,0.15
809,Patriotic Report: Actor Faces Allegations,independent,celebrity,0.2,5,0.82,True,False,0.88,0.0,0.39
810,Patriotic Statement Raises Concerns,anonymous_tip,politics,-0.11,0,0.69,True,True,0.86,0.0,0.13
811,Official Report: Inflation Data Withheld,foreign_press,economy,0.0,2,0.81,False,False,0.96,0.0,0.14
812,Official Briefing: Border Operations Escalate,anonymous_tip,military,-0.26,0,0.62,True,False,0.87,0.0,0.14
813,Patriotic Interview Sparks Debate,independent,celebrity,-0.36,4,0.78,True,False,0.83,0.0,0.37
814,Official March Footage Removed Online,state_media,protest,-1.0,0,0.7,True,False,0.95,0.0,0.06
815,Patriotic Surge in Cases Raises Alarm,independent,health,-0.64,0,0.88,True,True,0.44,0.12,0.34
816,Official Report: Actor Faces Allegations,foreign_press,celebrity,-1.0,0,0.89,False,False,0.74,0.0,0.12
817,Patriotic Footage Questions Official Claims,independent,military,-0.23,0,0.48,True,False,0.75,0.01,0.28
818,Emergency Statement Raises Concerns,foreign_press,politics,-0.8,0,0.9,False,False,0.78,0.0,0.09
819,Patriotic Surge in Cases Raises Alarm,independent,health,-0.31,0,0.86,True,False,0.71,0.0,0.16
820,Directive Interview Sparks Debate,anonymous_tip,celebrity,-0.82,0,0.93,True,False,0.51,0.02,0.27
821,Frontline Statement Raises Concerns,independent,politics,-0.82,0,0.66,True,False,0.63,0.05,0.3
822,Emergency March Footage Removed Online,independent,protest,-0.84,2,0.35,True,False,0.47,0.46,0.66
823,Directive March Footage Removed Online,foreign_press,protest,-1.0,1,0.73,True,False,0.95,0.0,0.11
824,Emergency Report: Vaccine Data Discrepancies,independent,health,0.32,0,0.57,False,False,0.56,0.15,0.38
825,Frontline Briefing: Border Operations Escalate,state_media,military,-1.0,1,0.91,True,False,0.9,0.0,0.07
826,Emergency March Footage Removed Online,anonymous_tip,protest,-0.69,0,0.61,True,False,0.74,0.0,0.24
827,Official Report: Inflation Data Withheld,foreign_press,economy,-1.0,0,0.72,True,False,0.89,0.0,0.09
828,Frontline Memo Exposes Policy Rift,independent,politics,-0.28,0,0.78,False,False,0.72,0.0,0.19
829,Frontline Interview Sparks Debate,state_media,celebrity,-1.0,0,0.88,True,False,0.89,0.0,0.02
830,Official Report: Actor Faces Allegations,foreign_press,celebrity,-0.62,0,0.75,True,False,0.63,0.0,0.26
831,Frontline Report: Vaccine Data Discrepancies,anonymous_tip,health,-0.37,2,0.72,False,False,0.57,0.17,0.45
832,Official Footage Questions Official Claims,anonymous_tip,military,-0.49,0,0.79,False,False,0.81,0.0,0.12
833,Official Demonstrations Under Review,state_media,protest,-0.5,0,0.66,True,False,0.81,0.0,0.17
834,Frontline Demonstrations Under Review,state_media,protest,-0.35,0,0.8,True,False,0.69,0.0,0.2
835,Directive Statement Raises Concerns,independent,politics,-0.18,0,0.72,True,False,0.82,0.0,0.14
836,Frontline Surge in Cases Raises Alarm,state_media,health,-0.91,2,0.84,True,False,0.63,0.05,0.35
837,Directive Interview Sparks Debate,independent,celebrity,-0.62,1,0.72,True,False,0.92,0.0,0.14
838,Emergency Surge in Cases Raises Alarm,independent,health,-0.65,3,0.73,True,False,0.65,0.13,0.45
839,Frontline March Footage Removed Online,foreign_press,protest,-0.82,1,0.9,False,False,0.68,0.0,0.23
840,Directive March Footage Removed Online,independent,protest,-1.0,1,0.62,True,False,0.43,0.32,0.52
841,Official Footage Questions Official Claims,anonymous_tip,military,-1.0,2,0.84,True,False,0.54,0.14,0.42
842,Emergency Demonstrations Under Review,state_media,protest,-0.16,1,0.69,True,False,0.75,0.0,0.27
843,Emergency Briefing: Border Operations Escalate,independent,military,-0.2,0,0.89,True,False,0.6,0.0,0.23
844,Emergency Interview Sparks Debate,state_media,celebrity,-0.66,2,0.92,True,False,0.65,0.0,0.31
845,Official March Footage Removed Online,independent,protest,-0.28,0,0.93,True,False,0.33,0.2,0.39
846,Frontline Demonstrations Under Review,independent,protest,-0.44,0,0.55,True,False,0.6,0.13,0.37
847,Directive Audit Reveals Missing Funds,state_media,economy,0.26,0,0.93,True,False,0.92,0.0,0.0
848,Frontline Interview Sparks Debate,state_media,celebrity,-0.6,0,0.76,False,False,0.88,0.0,0.08
849,Official Interview Sparks Debate,independent,celebrity,-0.91,0,0.67,True,False,0.9,0.0,0.1
850,Directive Report: Actor Faces Allegations,foreign_press,celebrity,-0.69,0,0.51,True,False,0.61,0.14,0.37
851,Frontline Footage Questions Official Claims,independent,military,-0.19,1,0.8,True,False,0.78,0.0,0.2
852,Frontline Demonstrations Under Review,state_media,protest,-0.68,1,0.93,True,False,0.91,0.0,0.06
853,Official Statement Raises Concerns,foreign_press,politics,-0.44,0,0.59,True,False,0.85,0.0,0.17
854,Patriotic Briefing: Border Operations Escalate,state_media,military,0.04,2,0.2,True,False,0.91,0.09,0.42
855,Patriotic Report: Inflation Data Withheld,independent,economy,-0.32,3,0.7,True,False,0.59,0.21,0.51
856,Directive Memo Exposes Policy Rift,state_media,politics,-0.61,0,0.57,True,False,0.8,0.0,0.21
857,Emergency Interview Sparks Debate,anonymous_tip,celebrity,-0.81,2,0.76,True,False,0.52,0.2,0.47
858,Emergency March Footage Removed Online,state_media,protest,-0.76,0,0.7,True,False,0.5,0.15,0.37
859,Patriotic Demonstrations Under Review,independent,protest,-0.87,0,0.45,True,False,0.87,0.0,0.21
860,Official Report: Vaccine Data Discrepancies,foreign_press,health,-0.37,2,0.83,True,False,0.34,0.35,0.57
861,Patriotic Surge in Cases Raises Alarm,state_media,health,-0.37,0,0.6,True,False,0.61,0.09,0.33
862,Frontline Interview Sparks Debate,foreign_press,celebrity,-0.46,3,0.54,True,True,0.74,0.14,0.47
863,Patriotic Interview Sparks Debate,foreign_press,celebrity,-0.79,0,0.77,True,False,0.71,0.0,0.2
864,Official March Footage Removed Online,anonymous_tip,protest,-0.96,1,0.52,True,False,0.46,0.33,0.53
865,Patriotic March Footage Removed Online,state_media,protest,-0.63,4,0.83,True,True,0.75,0.04,0.41
866,Frontline Interview Sparks Debate,anonymous_tip,celebrity,-0.12,2,0.79,True,True,0.83,0.0,0.24
867,Frontline Report: Vaccine Data Discrepancies,foreign_press,health,-0.72,1,0.79,False,True,0.88,0.0,0.14
868,Directive Report: Inflation Data Withheld,state_media,economy,-1.0,2,0.63,False,False,0.79,0.0,0.33
869,Official Memo Exposes Policy Rift,independent,politics,-0.75,0,0.44,True,False,0.58,0.21,0.42
870,Patriotic Memo Exposes Policy Rift,foreign_press,politics,-0.71,2,0.52,True,False,0.84,0.0,0.34
871,Directive Footage Questions Official Claims,foreign_press,military,-0.92,2,0.8,True,False,0.38,0.32,0.55
872,Official Interview Sparks Debate,foreign_press,celebrity,-0.04,3,0.75,False,False,0.56,0.22,0.51
873,Patriotic Memo Exposes Policy Rift,independent,politics,-0.96,0,0.61,True,False,0.93,0.0,0.1
874,Patriotic Surge in Cases Raises Alarm,anonymous_tip,health,-0.86,0,0.57,True,False,0.93,0.0,0.12
875,Directive Statement Raises Concerns,independent,politics,-0.63,2,0.9,True,False,0.62,0.03,0.34
876,Directive Report: Inflation Data Withheld,independent,economy,-0.39,4,0.58,True,True,0.48,0.43,0.7
877,Patriotic Statement Raises Concerns,foreign_press,politics,-0.75,0,0.66,True,False,0.56,0.11,0.35
878,Official Memo Exposes Policy Rift,independent,politics,-0.31,0,0.91,True,False,0.89,0.0,0.02
879,Frontline Footage Questions Official Claims,independent,military,-0.56,2,0.8,True,False,0.77,0.0,0.27
880,Emergency Briefing: Border Operations Escalate,anonymous_tip,military,-0.8,0,0.48,True,False,0.51,0.25,0.45
881,Directive Statement Raises Concerns,state_media,politics,-0.2,0,0.75,True,True,0.46,0.16,0.37
882,Official March Footage Removed Online,independent,protest,-0.12,0,0.7,True,False,0.53,0.13,0.35
883,Frontline Interview Sparks Debate,anonymous_tip,celebrity,-0.47,0,0.79,True,False,0.59,0.01,0.27
884,Patriotic Memo Exposes Policy Rift,anonymous_tip,politics,-1.0,1,0.82,True,True,0.72,0.0,0.23
885,Emergency Interview Sparks Debate,anonymous_tip,celebrity,-0.4,0,0.94,True,True,0.69,0.0,0.14
886,Frontline Statement Raises Concerns,independent,politics,-0.69,0,0.82,True,True,0.87,0.0,0.06
887,Frontline Surge in Cases Raises Alarm,foreign_press,health,-1.0,3,0.47,False,False,0.59,0.32,0.6
888,Directive Report: Actor Faces Allegations,anonymous_tip,celebrity,-0.5,0,0.71,True,False,0.76,0.0,0.18
889,Official Demonstrations Under Review,state_media,protest,-0.92,3,0.5,True,False,0.83,0.07,0.42
890,Frontline Demonstrations Under Review,anonymous_tip,protest,0.19,0,0.53,False,True,0.87,0.0,0.18
891,Emergency Statement Raises Concerns,foreign_press,politics,-0.08,1,0.28,True,False,0.89,0.02,0.33
892,Directive Memo Exposes Policy Rift,anonymous_tip,politics,-0.05,0,0.66,True,False,0.88,0.0,0.12
893,Patriotic Report: Inflation Data Withheld,anonymous_tip,economy,-1.0,5,0.59,True,False,0.83,0.12,0.51
894,Frontline Report: Inflation Data Withheld,anonymous_tip,economy,-0.09,1,0.74,True,True,0.94,0.0,0.11
895,Patriotic Report: Inflation Data Withheld,state_media,economy,0.26,1,0.6,True,False,0.68,0.07,0.35
896,Official Interview Sparks Debate,state_media,celebrity,-0.16,0,0.97,True,False,0.57,0.0,0.21
897,Patriotic Surge in Cases Raises Alarm,independent,health,0.17,0,0.82,True,False,0.75,0.0,0.15
898,Official March Footage Removed Online,independent,protest,-0.04,4,0.92,True,True,0.55,0.19,0.51
899,Emergency Briefing: Border Operations Escalate,foreign_press,military,-0.57,0,0.96,True,False,0.82,0.0,0.04
900,Emergency Report: Actor Faces Allegations,independent,celebrity,-0.37,0,0.81,False,True,0.8,0.0,0.11
901,Official Audit Reveals Missing Funds,anonymous_tip,economy,-0.86,2,0.85,False,False,0.6,0.08,0.37
902,Frontline Statement Raises Concerns,independent,politics,-0.35,0,0.74,True,False,0.44,0.19,0.4
903,Directive Report: Actor Faces Allegations,state_media,celebrity,-0.58,2,0.54,True,False,0.75,0.09,0.4
904,Official Report: Actor Faces Allegations,independent,celebrity,-1.0,0,0.74,True,False,0.85,0.0,0.11
905,Official Interview Sparks Debate,foreign_press,celebrity,-0.14,0,0.78,True,True,0.65,0.0,0.23
906,Directive Memo Exposes Policy Rift,independent,politics,-1.0,0,0.89,True,False,0.88,0.0,0.03
907,Emergency Audit Reveals Missing Funds,foreign_press,economy,-0.38,0,0.63,False,True,0.73,0.0,0.24
908,Directive Briefing: Border Operations Escalate,anonymous_tip,military,-0.51,0,0.91,False,False,0.77,0.0,0.09
909,Emergency Footage Questions Official Claims,anonymous_tip,military,-0.44,1,0.72,True,False,0.81,0.0,0.21
910,Directive Demonstrations Under Review,anonymous_tip,protest,-1.0,4,0.9,True,False,0.88,0.0,0.29
911,Emergency Interview Sparks Debate,state_media,celebrity,-0.75,2,0.44,True,False,0.84,0.04,0.37
912,Directive March Footage Removed Online,foreign_press,protest,-1.0,0,0.76,True,False,0.84,0.0,0.1
913,Frontline Memo Exposes Policy Rift,anonymous_tip,politics,0.12,0,0.67,True,False,0.62,0.05,0.3
914,Official Demonstrations Under Review,independent,protest,-0.51,3,0.83,True,False,0.42,0.31,0.57
915,Patriotic Interview Sparks Debate,anonymous_tip,celebrity,-0.89,4,0.57,True,True,0.51,0.4,0.68
916,Patriotic Report: Inflation Data Withheld,state_media,economy,-0.68,0,0.74,True,False,0.65,0.0,0.25
917,Official Surge in Cases Raises Alarm,independent,health,-0.27,3,0.91,True,False,0.85,0.0,0.24
918,Emergency Footage Questions Official Claims,foreign_press,military,-0.42,0,0.59,True,True,0.87,0.0,0.16
919,Emergency Audit Reveals Missing Funds,state_media,economy,-1.0,4,0.74,False,False,0.88,0.0,0.35
920,Frontline Audit Reveals Missing Funds,state_media,economy,-1.0,1,0.65,True,False,0.94,0.0,0.15
921,Directive Audit Reveals Missing Funds,anonymous_tip,economy,-0.8,1,0.82,False,True,0.9,0.0,0.11
922,Directive March Footage Removed Online,foreign_press,protest,-0.22,1,0.99,True,True,0.67,0.0,0.2
923,Official Footage Questions Official Claims,state_media,military,-1.0,1,0.73,False,False,0.98,0.0,0.09
924,Directive Report: Inflation Data Withheld,independent,economy,-0.33,3,0.88,True,False,0.87,0.0,0.24
925,Official Footage Questions Official Claims,foreign_press,military,-0.58,1,0.89,True,False,0.78,0.0,0.16
926,Patriotic Statement Raises Concerns,foreign_press,politics,-0.08,0,0.34,True,False,0.93,0.0,0.21
927,Patriotic Memo Exposes Policy Rift,state_media,politics,0.2,3,0.67,True,True,0.72,0.09,0.42
928,Patriotic Report: Inflation Data Withheld,state_media,economy,-0.89,2,0.77,True,False,0.65,0.06,0.37
929,Emergency Briefing: Border Operations Escalate,anonymous_tip,military,-0.42,0,0.88,True,False,0.48,0.08,0.31
930,Frontline Report: Actor Faces Allegations,independent,celebrity,-0.04,0,0.5,True,True,0.42,0.33,0.5
931,Directive Report: Actor Faces Allegations,foreign_press,celebrity,-0.81,0,0.83,False,False,0.9,0.0,0.04
932,Emergency Briefing: Border Operations Escalate,anonymous_tip,military,-0.27,0,0.92,False,True,0.72,0.0,0.12
933,Patriotic Demonstrations Under Review,foreign_press,protest,-0.18,4,0.57,True,False,0.65,0.26,0.58
934,Official Footage Questions Official Claims,foreign_press,military,-0.53,3,0.56,True,False,0.94,0.0,0.32
935,Directive Memo Exposes Policy Rift,independent,politics,-1.0,2,0.76,True,True,0.85,0.0,0.23
936,Emergency Memo Exposes Policy Rift,foreign_press,politics,-0.3,1,0.8,True,False,0.59,0.06,0.33
937,Directive Statement Raises Concerns,state_media,politics,-0.54,0,0.9,True,False,0.45,0.1,0.32
938,Official Report: Actor Faces Allegations,independent,celebrity,0.2,2,0.69,True,False,0.79,0.0,0.3
939,Directive Audit Reveals Missing Funds,state_media,economy,-0.06,2,0.77,True,False,0.68,0.04,0.35
940,Directive Demonstrations Under Review,foreign_press,protest,-0.56,0,0.83,True,False,0.71,0.0,0.17
941,Frontline Report: Inflation Data Withheld,independent,economy,-1.0,0,0.79,True,False,0.96,0.0,0.02
942,Frontline Audit Reveals Missing Funds,foreign_press,economy,-0.45,2,0.92,True,False,0.77,0.0,0.23
943,Emergency Statement Raises Concerns,independent,politics,-0.15,2,0.83,True,False,0.64,0.04,0.35
944,Emergency Audit Reveals Missing Funds,independent,economy,-0.11,0,0.5,True,False,0.79,0.0,0.25
945,Frontline Audit Reveals Missing Funds,state_media,economy,-0.65,4,0.54,True,True,0.52,0.41,0.68
946,Patriotic Memo Exposes Policy Rift,foreign_press,politics,-0.79,2,0.93,True,False,0.82,0.0,0.18
947,Emergency Audit Reveals Missing Funds,state_media,economy,-0.23,0,0.55,True,False,0.78,0.0,0.23
948,Patriotic Audit Reveals Missing Funds,anonymous_tip,economy,-0.71,2,0.68,True,False,0.69,0.07,0.38
949,Directive Audit Reveals Missing Funds,state_media,economy,-0.85,0,0.67,True,False,0.64,0.02,0.28
950,Official Audit Reveals Missing Funds,foreign_press,economy,-0.61,1,0.74,True,False,0.85,0.0,0.18
951,Frontline Report: Actor Faces Allegations,anonymous_tip,celebrity,-0.93,1,0.92,True,True,0.54,0.06,0.32
952,Directive Footage Questions Official Claims,anonymous_tip,military,-0.72,0,0.77,True,True,0.54,0.07,0.31
953,Patriotic Briefing: Border Operations Escalate,anonymous_tip,military,-0.33,0,0.68,True,True,0.92,0.0,0.08
954,Frontline March Footage Removed Online,state_media,protest,-0.56,0,0.74,True,False,0.74,0.0,0.19
955,Emergency Audit Reveals Missing Funds,anonymous_tip,economy,-0.31,3,0.87,True,False,0.81,0.0,0.29
956,Emergency Demonstrations Under Review,foreign_press,protest,-0.31,0,0.88,False,False,0.53,0.03,0.28
957,Patriotic March Footage Removed Online,state_media,protest,0.2,1,0.78,True,False,0.62,0.04,0.32
958,Official Interview Sparks Debate,foreign_press,celebrity,-0.95,5,0.74,False,False,0.69,0.19,0.55
959,Directive Interview Sparks Debate,foreign_press,celebrity,-0.89,1,0.82,False,False,0.69,0.0,0.26
960,Frontline Report: Vaccine Data Discrepancies,foreign_press,health,-0.59,1,0.65,True,False,0.38,0.34,0.54
961,Frontline Surge in Cases Raises Alarm,independent,health,-0.94,0,0.5,True,False,0.61,0.14,0.38
962,Patriotic Report: Inflation Data Withheld,independent,economy,-0.65,1,0.87,True,False,0.4,0.21,0.44
963,Frontline Interview Sparks Debate,state_media,celebrity,0.24,0,0.54,True,True,0.72,0.01,0.28
964,Frontline Statement Raises Concerns,state_media,politics,-0.98,1,0.88,True,False,0.63,0.0,0.28
965,Frontline March Footage Removed Online,independent,protest,-0.56,0,0.6,True,False,0.46,0.24,0.44
966,Directive Footage Questions Official Claims,independent,military,0.1,4,0.56,True,False,0.53,0.39,0.67
967,Directive Surge in Cases Raises Alarm,independent,health,-0.59,2,0.69,True,False,0.88,0.0,0.24
968,Official Interview Sparks Debate,state_media,celebrity,-0.75,2,0.85,True,False,0.51,0.16,0.43
969,Emergency Surge in Cases Raises Alarm,state_media,health,-0.46,1,0.75,True,False,0.73,0.0,0.25
970,Patriotic March Footage Removed Online,state_media,protest,-1.0,3,0.68,True,False,0.99,0.0,0.24
971,Directive Surge in Cases Raises Alarm,state_media,health,-0.44,0,0.94,True,False,0.63,0.0,0.19
972,Official March Footage Removed Online,state_media,protest,0.14,3,0.7,False,False,0.58,0.21,0.51
973,Emergency Audit Reveals Missing Funds,anonymous_tip,economy,-0.97,3,0.6,True,False,0.67,0.17,0.49
974,Emergency Footage Questions Official Claims,independent,military,-1.0,0,0.58,True,False,0.9,0.0,0.14
975,Emergency Report: Actor Faces Allegations,anonymous_tip,celebrity,-1.0,0,0.74,True,False,0.72,0.0,0.2
976,Emergency Footage Questions Official Claims,anonymous_tip,military,-0.32,0,0.54,True,False,0.87,0.0,0.18
977,Official Memo Exposes Policy Rift,foreign_press,politics,0.32,4,0.87,True,False,0.48,0.28,0.58
978,Patriotic March Footage Removed Online,independent,protest,0.05,0,0.65,True,False,0.83,0.0,0.16
979,Official Surge in Cases Raises Alarm,independent,health,-0.01,1,0.82,True,False,0.54,0.1,0.36
980,Frontline Interview Sparks Debate,independent,celebrity,-0.9,0,0.74,True,False,0.8,0.0,0.15
981,Patriotic Report: Inflation Data Withheld,independent,economy,0.24,2,0.85,True,False,0.76,0.0,0.26
982,Official Demonstrations Under Review,foreign_press,protest,-0.53,3,0.76,True,False,0.78,0.0,0.35
983,Directive Memo Exposes Policy Rift,anonymous_tip,politics,-0.27,2,0.57,True,False,0.66,0.15,0.44
984,Frontline Report: Inflation Data Withheld,anonymous_tip,economy,-0.74,2,0.76,True,True,0.93,0.0,0.18
985,Directive Briefing: Border Operations Escalate,anonymous_tip,military,-0.71,1,0.76,True,False,0.78,0.0,0.22
986,Emergency Interview Sparks Debate,foreign_press,celebrity,0.06,3,0.7,False,False,0.82,0.0,0.35
987,Directive Footage Questions Official Claims,foreign_press,military,-0.39,1,0.61,False,False,0.86,0.0,0.22
988,Patriotic Audit Reveals Missing Funds,independent,economy,0.0,0,0.71,True,False,0.66,0.0,0.25
989,Official Report: Vaccine Data Discrepancies,independent,health,-0.57,0,0.46,True,True,0.49,0.29,0.48
990,Frontline Interview Sparks Debate,anonymous_tip,celebrity,-0.25,1,0.88,True,True,0.43,0.17,0.41
991,Directive Memo Exposes Policy Rift,foreign_press,politics,-0.69,0,0.48,True,True,0.46,0.3,0.48
992,Official Report: Actor Faces Allegations,independent,celebrity,-0.15,2,0.5,False,False,0.61,0.24,0.5
993,Directive Demonstrations Under Review,independent,protest,-0.39,0,0.53,True,False,0.65,0.08,0.33
994,Official Interview Sparks Debate,independent,celebrity,-0.75,0,0.55,True,False,0.75,0.0,0.26
995,Emergency Footage Questions Official Claims,anonymous_tip,military,-0.99,0,0.68,True,False,0.41,0.25,0.44
996,Frontline Statement Raises Concerns,state_media,politics,-1.0,1,0.74,True,True,0.75,0.0,0.25
997,Frontline Report: Actor Faces Allegations,foreign_press,celebrity,-0.94,0,0.97,False,False,0.92,0.0,0.0
998,Frontline Report: Inflation Data Withheld,independent,economy,-0.23,0,0.35,True,False,0.89,0.0,0.24
999,Frontline Statement Raises Concerns,anonymous_tip,politics,-1.0,1,0.78,True,False,0.74,0.0,0.24
1000,Emergency Interview Sparks Debate,state_media,celebrity,-0.34,4,0.93,True,False,0.87,0.0,0.29
